-- MySQL dump 10.13  Distrib 8.0.21, for macos10.15 (x86_64)
--
-- Host: localhost    Database: db_gamified_marketing
-- ------------------------------------------------------
-- Server version	8.0.21

/*!40101 SET @OLD_CHARACTER_SET_CLIENT=@@CHARACTER_SET_CLIENT */;
/*!40101 SET @OLD_CHARACTER_SET_RESULTS=@@CHARACTER_SET_RESULTS */;
/*!40101 SET @OLD_COLLATION_CONNECTION=@@COLLATION_CONNECTION */;
/*!50503 SET NAMES utf8mb4 */;
/*!40103 SET @OLD_TIME_ZONE=@@TIME_ZONE */;
/*!40103 SET TIME_ZONE='+00:00' */;
/*!40014 SET @OLD_UNIQUE_CHECKS=@@UNIQUE_CHECKS, UNIQUE_CHECKS=0 */;
/*!40014 SET @OLD_FOREIGN_KEY_CHECKS=@@FOREIGN_KEY_CHECKS, FOREIGN_KEY_CHECKS=0 */;
/*!40101 SET @OLD_SQL_MODE=@@SQL_MODE, SQL_MODE='NO_AUTO_VALUE_ON_ZERO' */;
/*!40111 SET @OLD_SQL_NOTES=@@SQL_NOTES, SQL_NOTES=0 */;

--
-- Table structure for table `bad_words`
--

DROP TABLE IF EXISTS `bad_words`;
/*!40101 SET @saved_cs_client     = @@character_set_client */;
/*!50503 SET character_set_client = utf8mb4 */;
CREATE TABLE `bad_words` (
  `idbad_words` int NOT NULL,
  `badword` varchar(45) NOT NULL,
  PRIMARY KEY (`idbad_words`),
  UNIQUE KEY `badword_UNIQUE` (`badword`)
) ENGINE=InnoDB DEFAULT CHARSET=utf8mb4 COLLATE=utf8mb4_0900_ai_ci;
/*!40101 SET character_set_client = @saved_cs_client */;

--
-- Dumping data for table `bad_words`
--

LOCK TABLES `bad_words` WRITE;
/*!40000 ALTER TABLE `bad_words` DISABLE KEYS */;
INSERT INTO `bad_words` VALUES (1,'culo');
/*!40000 ALTER TABLE `bad_words` ENABLE KEYS */;
UNLOCK TABLES;

--
-- Table structure for table `optional_answers`
--

DROP TABLE IF EXISTS `optional_answers`;
/*!40101 SET @saved_cs_client     = @@character_set_client */;
/*!50503 SET character_set_client = utf8mb4 */;
CREATE TABLE `optional_answers` (
  `idoptional_answers` int NOT NULL AUTO_INCREMENT,
  `writer` int NOT NULL,
  `questionnaire` int NOT NULL,
  `age` int DEFAULT NULL,
  `sex` char(1) DEFAULT NULL,
  `expertise` char(1) DEFAULT NULL,
  PRIMARY KEY (`idoptional_answers`),
  KEY `writer_idx` (`writer`),
  KEY `questionnaire_idx` (`questionnaire`),
  CONSTRAINT `optionalanswerwriter` FOREIGN KEY (`writer`) REFERENCES `users` (`idusers`),
  CONSTRAINT `questionnaire` FOREIGN KEY (`questionnaire`) REFERENCES `questionnaires` (`idquestionnaires`)
) ENGINE=InnoDB AUTO_INCREMENT=9 DEFAULT CHARSET=utf8mb4 COLLATE=utf8mb4_0900_ai_ci;
/*!40101 SET character_set_client = @saved_cs_client */;

--
-- Dumping data for table `optional_answers`
--

LOCK TABLES `optional_answers` WRITE;
/*!40000 ALTER TABLE `optional_answers` DISABLE KEYS */;
INSERT INTO `optional_answers` VALUES (2,1,1,37,'m','m'),(4,2,1,24,NULL,'l'),(8,1,1,12,'m','l');
/*!40000 ALTER TABLE `optional_answers` ENABLE KEYS */;
UNLOCK TABLES;

--
-- Table structure for table `products`
--

DROP TABLE IF EXISTS `products`;
/*!40101 SET @saved_cs_client     = @@character_set_client */;
/*!50503 SET character_set_client = utf8mb4 */;
CREATE TABLE `products` (
  `idproducts` int NOT NULL,
  `name` varchar(50) NOT NULL,
  `image` mediumblob,
  PRIMARY KEY (`idproducts`)
) ENGINE=InnoDB DEFAULT CHARSET=utf8mb4 COLLATE=utf8mb4_0900_ai_ci;
/*!40101 SET character_set_client = @saved_cs_client */;

--
-- Dumping data for table `products`
--

LOCK TABLES `products` WRITE;
/*!40000 ALTER TABLE `products` DISABLE KEYS */;
INSERT INTO `products` VALUES (1,'bicicletta',_binary 'PNG\r\n\Z\n\0\0\0\rIHDR\0\0X\0\0^\0\0\0ֵ\\0\0 \0IDATx\\wdWu.Oru\{f#(!@H\0<0\YK<,A6~8^\\-Y![BK#!\'J;N\\7\8Uo\\n]f\,\ֽ\\\\\\HJ	fR\\Dq\O!D7\Z!?\	\X*m\\ܛs\lTj<f\\\Z\&4*=Oιڿ\#\\\W#8yOY}E\\\)y.ʇz\@~4\A\e\\C71\Z.\l){\zKĀ\\C4_4}\n\}\Zq.\"\2>*KEE\\" -ؾ\zӐ&.B2/Ys\\.K\0 ԏJ9\\? z3f\P1Ću\",\\\\:\\\\Z~KE\\9\\"\kAw\\5rȚ\r\:w\u!\v\\\\\\F&\",\Ȗ\7\td\\\|;kQa;}7\\ntN~y\l\\tVF\\\N\O)z\VrCZ|:\M\ahdjtmFb\Z\\x\B	Y;Bu\P,4t\3Kۿ\\\gZ\Bz4ֳ\\,\\=\\\EY\#k.\\Z卌\\-\\0\\#\0@VlU\t\Z\\_(\YH\PzÉv;QӀ\\r\Jç.E&ɱ+ gQL\\\ZH\f\ʄ:P\\	6Dq\\"\jU\O\\aNϐ =#\r\\\nA`=Jy7\\s.\\0bdE@DAhT\P;\,)[FB%\ɖˋ\Z\$\n\"j\"s3T\)C\Z1\\.5D\0],Td=Fadg\\z\,RQVKkEv$K\0\z`\"mF\yc\  &H׀*`p|ߴL\8HI!\0OH\X\0\	cXVB5\\\\rFFOPY7	by(\ϊ\Mq:՞\\"0\e\r\'K\'[fP\P\FoM\R\j\\j\nD0!T\ \0Uɢ~\0\\\\j\vR\\nbq\.%\\\WZPu\\^s,_\"֎+	1@+P\\2i!\\/\0>D0w=\`mN\!`&\\\0I	F$\0$ B@H\"I ۨb\\\\[b\)5\0\P1Z+,\\V\/(\r\A\\\J\\"pk9eB1;\\.\I	0D\ %\`F@0P% @H\0Rم\Z\E,\Tb\\\\4\B}jdE@\Y-?`\\eא\\^,l<Sm=\&\Y\L\ӛ	X*(T DklO\0an!6I\\e\r\,\\0\ tIh$ \Z\0tVM0\"#)k\z1R. ifBE8\Ld+8\b\r\kwߚ\>c\\r}\ڂ#iڀ\9WQ\\̂1\\TF%t\\r{5GX!1\4Uʒ\Za\Js1AR\n˲1\0g\x,\W\\j%\wД\?o\\"sS\6$Q\"\0Nي\<\-j)gs\Z\0 %F	1f\0\0@H!ƈ!\TnkM\}. \0\0F\n%40\k\\\\Ϊ\B\rSC\ILΧu\V\ars\"ዐ6\\j\\hE\u.@c̲,\\!\\\0\h\/\\u\\\GL \n)$&\\BP)9 \\b1J9>q\\t\\:y\g\>ܦu[ȩq$\ aMJHN<I8\3bLA\UA}\ǒ\\02#\0s	\&%\0\0O\)LL\;2`&y5IEa=&-\B\\a@d#|3Bt\	U7ǆea\rUI@(% 1P,\_qG\1.i\\\w\-IC\)\_*R\\\i\Z)\Dqs^*:;z\\حɔ\:f\\$\0\n+)\\_ueH	0\y\JD1!,\f\'LcDJL0bHJJ8\0J\R<d)BB\4祱)>\\\)b\\r\0\HP\8\r\ \5l\nU\4{ޚ6k\\\\C\#,b/\#\+2/aj=r\Ȳ,\\\ǜs\43\\\\\T*\.6@\^Qm^\4B\<sL&˕e\>\01\@X\\\=\f\\\\ᑑt6Jf\rÒ`ʗ#b\\ض!f 8x\|Q\*\y~\\+f\\\\sӶq;AJɅ1¾\\<\3L\Z1\\l֊`B y\g\]nG6\4\#D1\\\\nF؎D\\1BzU\UЫ\J٘GJ)m\Vկ\w\}\\r\\\N)\nǎKR7o\\r?\\_JB\${\^+\0!eXL&\Lzk\=\ou󦍀\\s\m߾}\֭\\\\[n%\*RX)vܲ\loJLMM}\=a\Z)%JE,7\r.W\ǘ\\"&0ũ#ӓ\\}t\\ZS\vX(ߙL.\+\vwXe\\"!.f\\p\ra;^;khm\#k\ȝw\]Ua-Z\M\Oiw\>3eSf<\\ZJ\3q\M\6s\0 DH\a \T߽\\|>ۿ\۶mz\\n{\\D\"\.\\E\\\(\Qhr1\\<\+J\J%\\xgWW.\\\\s;C\\u5evdҌǎ\\W^y\\\\\E\]S\celp@鎗rra|pdzlO\ba8n\u\u<\<\"m\Ts`}׎\s7\'7\ʵi\\\&f\p\*\\\\\}O>K|\\̔K$\xO\\#D`u\\lf\O\D\\߂PT\\\z\\c\`dQh\%0_AEQ\E\5do\rD3nQ\YZ)Rp=\ܾ+2\\]VҘiFT\n\z\BwT\r\n\UW\XX\}_\?qx<\7lؠv\<\׾\0>ǟ?\0زm8\\뮿\\o\0\*ckLNN繞Ew<&cӅҺ\\\S2c|6<<Vo_I/F\0 H\q\׳\G\oZ7|\I\r\c̎\r`R.Wn\\"+6@rM78J\<l\%\!G\\"0\XC\(\^v_kX\\\c\\\\\\nٚ;L%UP\\ȖJ\\i\q\;eaFRI&\x<\WUE\ʨ:(\Z\\rT*zJ)\\XLX,&I\\_{ӯ\u\ݝ\\\G\vΎG\y\;w\|\;\R2\x<f\瓹\s\=sb|\\\\\\[\\\8}\?ݼ_r\rNLWGZ&	ƑI)\RD!\s\2\7><~b\9;J\WL6;t\$\\\J\X\<\\.㜀%\f\\\EY 5\\\Gkk1\\i.!E\j[9+8+\y\0p\ԩ\\a\N&qgbbB\*͎q\S\\K\\\0\>\\\J\*3M3Ji\"cL}Q\-\k߽\\k\\?\0?\'r\\}\M7\0d\\\X\\.Jm۶\`ݻ\ѫ./n\\\\;\\\ړ\\'\n\-\"J\n\8H\iǝAD\Ξ.\2a\\sv\9\\3\y\\\!3c!\0	T;\":Y-OQdB6AD5FL5BxW8{*\8c1\Xs\yD\"ַ\kJӚ\\eUYhY.Vu\R\dq\\]\-˾iYV<,K	שW]oY\sΡC\O\\\\\7޸s\\}\\_712MLL׭]\\Օ\'\<y\m\̤qr:7^)Oʖ\\:\Η\,S1ءT*aa$p΅ؤD	%c\!a%\L\L\%\>AMxܸtϫ\?wxߺ[\+Le2\񩱘e\1s|r\"im\)%qLx`	XHA \\EE@\YkzY\*K%\\Z\\b\P6f\z.c\ql\V!G\W);|\u]\yXT:\'Rr\\xww\;\0P(\\5k\\u\]<p\@2|\\G\JU̠S\n\bJ8gL\_,KRD\4ME\I\\\\+\СC\\\~\\\>O\\	!\\K\\O<A\\_wt\\Jutwpps)l?\\\#i^v\Չlbt|,Lө4\7\r\\BH$\%B#=yR$Ԡ\a\\	O\\r:caP0%4f\@J\Xnf(\n#15MI	\0x\0 $GsFe#!`-`}`\"\\"\kk\B\\\SGF\K\5s4͠k)˵X\ہB\\~hhP\1\\\PJ*B\\z衋/ȴD\"133cZVoOOww\y\\rɖ-[\0qذ\n(+\E!aL&H`=U1ԕ^\19\\\\#\}\\\>\\z\\\rٶ\?\\\\ٺ}۬\v=l\\a\:w:\df̐e㶏N\sr\[\\c1\V\=\a\'|\\\9\Pq<ד\\rűaP\n\\$l~\q?>N-b\\&@\0#,#!lb)\\\ٓ\\y\I-华λ\`~i\\r\"[N\\Z-e.k-\\_mV\n\U=]k\\"$3\\L\\\\>\\D\ԩq\/o߾5fgjTD	\Z 0\nO:e+4\q\\\	!\Z\\ٙ\f}\\B\nR)˞\)T\\\tZQ=\\\Z\FBH\0\\\~\-oy\\7\|\\w\\\\}F\r\\vuw\u\W/\8U51BBJbUO䟿}\?~\\\?~#\\qٍ%da\_*&i\903S.Ġ\%\\=\s]\8Y\\v|fj쪋.	/燈{\\\\\\%WQha?\ӎ1\\=K\{V\\n`H\C0R,\׆/\&! T%z\\ccc\G\\\\\\a\\\W<\J\\K%[\i\Z\\\1\n\0q?x<~\7vtvNNL&ɞ\n\q\tZyޙRT,Mӌ\\\L֎ـs.E\G\Z@\q΃K\ɟ\}䑿җST*y\/\s\	q\\\6-\c \rÐB\0B\2Aʩ\\ё\v_\"|&0Gb\0$@\0\0s[C4#AH\\W纬\sw:?\1boYK/ܒX?\\\n\\nL\nk\\\UX\wVl;\Ȣ\hd)\ڐ-r?\u\o~\[ߺ\\\\\{\y\\0\k\\a\rlDp,O*_\\\\\\|\;_\W*e\u\v\\\\\\`gf8\\t:J\\q\4Z\r\hO\\V\4-\\\\\0`||_\\o0m!ĉ\'\\\\\\tvk\.A\u]~N\rC\nQq]\0BɊYk;{\\b\\%\0\8b\06W\Q 	RrBbH\0.Ƙ\@\0H%\=ϴm	LJS\vk\\\<\\\\\bw\0\\暀\rs\\xD?\θE\2/h!Ml=w^,.%!TCJejjRj&c\\n\6w\ؾ~]c\'\b~ƄiX\0\\e\َ.\0\w\\\\׾u=9d\0\\\@dҨĈY<51xrwͺux\D@\u<\\p\ 0\0`\0\"D\ĉc\x\;\u\\^o|\1;Ʉ LNN\t&#\s)\\"B1.@\"%BRpD\#BRrϕB`\0$#sBɥa$!R\n.Bʪt(B\0II\\\M\Z\\sE`610\\@H+,\ZD಴\m\wYT!ql\9i`V΂\\\"B/e\5l:uof@\>H)\\q\08p\\\P6ݰaCR)N\rwuw\b\\.\yކ\rMӌ\l\\l\J\SЇ\\đˡkzz\?d\{\Ral2c%bvbXr<#\td\0|!\۰lOH\@n1]-!\r\\7\\?R\\}\\z\oHN&Sɾ\>ι\\!k\渵P#̺{1fU\AZ!U(U;\S9?c$\\0	\n);$ArN,\v\0S\vb\?N\Bq~=aj\M\DBE@R\f?@\nr\ͰP>G)\L\1\\\N)eGG\"4\ͯ\o\\;~\\jش;\u\\/ = \;çv\5`ZxcG_&\S3W21 8\Z\ك!dst\\\5\\\/\Ώ\>\a\R6o\\9\BH0\\n\\\\)q9g\O\~0-C\\Z[b\Z&\	%ڲ\i\4k\\\\F־Ek/\I\\\	\\.l5\T%{TJ$k֬\\\TJ1r\:\X=::\Z\\|__o&\\r\[\0\\{z7n⋻\>\\\>\s\\Y}\\C\FO\nx\\\?߹q],EqcF	s!\n8\P턾,\?̧B7\\\\63\\\͛7R+m\\0vueo=\0\T\ZYe#\0$\sc˕eYe/\`:X뤇ЫEzsC\\Y\{\lUڼ\\K\f\0ɤ\\\\/pd\޽\+oڻ\ы.T*\S;\\\Jr_\0\ϟ\\\vs\kKo0ɇa2,\\#X\"iA\A\\HK)$\ZLH&xY\J\\B媁|\\\k\v\\V9!LZX\rk3y9\\"T:\}xUF\\>T}YdFִE\\\UVN2\\DC\U\B\\j.HBe&\\'׮\{yl͚^v\0lڴE\D5\\\\\?\񧞸\\s7utS΀X\\룜]\\S6sSW\\\$]&m\3 P5f (1[J\\&\\O\q\\'?\M7ݴi\f\4\Gv\0PJU/x!\\\څ\\%ZI%\)iB\\w\\ق!_\_D\\EY/Z l\ko\\"a|az\\"\\ \cs0M\0y?uA\u\\d25>1\\={\l޼\\,\\d\\7{\\ܒϜ\u\\\'þ\0f\.z\\e\K7?g6(aLHB Q5x(8VQj\瞑\M~\\\qΦ׽\\\\k\g\\\\0u\'\/Bw\`8,	^}1\ɤE4\"\\ڷ(Y\\\\aD0G1E)A%>Ę\nő\\u\۷l\\s&	\d\0IR\\S=u%\d\\~c\\'\ne]\Mo\\\\\\L\G	\0 $wzTN`w\\\\;\0\oH%\\۷\sYDmE{;h\\\۟\'бꫧwS\Z-F\Kז1T֑ҥ*TBJ\sD\ƍ\x1X(|\#\\}߳cqC\qc\X\p\\0J\~\\{q\;\'G\-N{݅\tO\\H J>)jr\l\:ʾW*\\\0\0 \0IDATQ\0\bxdd\\qnjUiڼ z\TWzZt\ZQ	h5\,\l#o!a\K͢\hdMHz1i\Zip\n8\\r9L\\to9B\[\\\\[Le\Z\0P)\\G\\>2~\5;wK=T\\\'	O\eLv\\\],.\~\0\#HZI<\\\ǎؽk\3~H$.ܽ\\'\\x㍘\\#CaFh\\\~\բM=\3mBu\pA8-\q)ld#\4@\r6A[\nd8TF\r5\rГq\0\\N*\\}\\\7\0C\\2\\\\ı\\\(q\MoZ\Sew(WR,.Yj\\L\s\$\0\K)KB\vOT\\0\\\.y\v\\:9\+/\0!\0!_kv}i\P8z\Z)\\Чg\\[\a\cp(\ND\\D@٪au\\\m%.jZT]\\\Ǐ\Z\f\0n\Z+	\0\x\\\/SS\\9z\\'?9w))\N\L+&%I|Y;ubP\r\\nJWva\dU\\K\s^84طn׵y\r\0\e\ 0tߏ\\\1\A\_yZl\Zyϲ\2\sA\~I@T[\g~\adhou\\(\n9\9\:U\\)l\0@<S_\_7I\0\0\mp.ӕG\\Np\\\d*v\{\\ۿ~4\r)+O\*n\\\\\P<G\n\'O\\=G>\0A,f\\Loڴ	\n\0R\n\Ӛ\\\e\c\;y߬gE@Yd]X0\RŲL\D\r\bm۶F\\0\\Ƨ(\0\8\g\k\o7\tӛ~\\j\ݛ^\/&\>\o&\J\Zfad<\Lex\&1\\0\0\\"8TS՛W9<4Rq\\\\\\\zɖ-dld\\e_Z\~\3\3YN3\rhwF \-J\\`xPw\d2\֭\s\Uf|OgϚΞS\;οm\\~ׯ\\\v\\M\e:`\ڵ\Ll\Ǚt\9\'\\O\\\_y\E\]$d\Vnf\4h̠.AU2\9\\\0\cC\|&\ݲn\\s?o\0]0)O\\\\_!R0#t]:\如AHB\Je1\\N:\f@u.T:bLw\u%\D\0j`N&F\\\\+\x\\И<a|\cw\\*=\0\0\-Zt*V<A*0c˲&~ӟɱ\\\\u\[R)oظ>\ѥNb 4]3-ݢQRh\BlP\\9ԠMV7\\=.`mGz5L.\\z\\\-\nb `0bR\0\0 \\rwvvnڴ	\Z5ڼc;\0\\\\K/\ҧy\0;\'[ww}\\obumǹ\5\6b\\\\0@BH!t\SA:u\"\0\\;\~fX\0O}<wv\o\\0\\Yu\6Zߗ\\\\\x\TE\[ȵޫ\%\h/c4tml\#l\LM\\nNLLvwwk.X\hv_t\}\\\_\-\^\0|\o\O\\	/\7AEHΑ\A+p\8q\"R&	g/٪$A5B\{[\W^}\\X\uNշIH@k\\`aCv\na\\\NMZ\؆R\\!.\\B# ,b\0333::j\\ڵku]Uh*\\+\\G\&\쵯M\5\>\\'=7\00\04@l\\خ\0 \\yajb.SY\:>c8 8ch{\\=y\$\\Ln\\;\T\\	!`ph\\sIYb1	\\\\r\mQ\V\T\k\&p\\n3`\\\# ,\lЪ?44D)ݱc\0\e˲t\\+@џw}\y^\n\ܴ띿\V\0\0T\\0@L\0*@\g@Rv\e^\\L\'SzyO_|\0c,馛ܖ\|\u=1\0)\\!\_Q\<\\\VԖW_h4]\\",\\ hgtW5B7դwll1y\f#\\\\,K=1\\{\\+7|\\\\[.[A\<)\\	RTx\0\"B 5M\Z\b#e\\\\lftt\w\6q\;\p\\~\0[).ÔԔJ[r\\\BD\'ԕ^\\XЕl0ǧQB\ٛNcu\̢cSAj\W\nC\#0Ś5ZZ]ށ)\\\\\\\\j!0A|:w\\\g2\\/ⶁ<\_P@@RɁ	!	&|@	\\e`\0\B I,\4|>\\"\Q?\?8ppϞ=\\>BGg\\#G\\\\\B`:Rvг\\\E2v.\5\o\\\\\Z7ߪ\\PNaY\\ԥ\0g\aD@\"(k4!T@\iRLNN\\T*\~qNZ-\"2\1£cB\K%\u\;\"\$H!AVd맔RJRa\\\\\\\|\3\3\d\"Z\&	uZ*Soа^`\lHM\\so\j\\{\\xf\\ad\0u\򣨪	\󦦦7o\\k\\\^\0p]\\\\.\\QӲ3)\n\rg\\0!d31\q)n@x\}\=\\ׯ\?gϞ\\	\4a\ڵ\0lZL@\\mC/I?]ՑP]D\\n,\Iɟ\l&\#l\P\M.\\rk׮U\\0-\\n\0\\_q9\0\\'?9q\°c\r\\T-jdF\\~z\m\>\/~񋣣R5r\\٩\\0c\Â\\r\!\e\g\\9Z]\H`L1\mYߧ,s,NEN\'\D\\|>oYV6BHiÎw\y\0\\)\\\\0@)\?\\^-1Υ\<z\bY:\\#<o߾\r6s\9\0P(Ba\\\!\\\j\\\MH[\Lp\۲\ո\HW\J\%#WO_u\Z	H^lx:-\'?\\ǎ,ka,K0g\?u\nv]7wd%՚U\\}\\\\\\\޽{\\\o]U-d\\YJM5\\LMM}\\0\\\.\0eMU\\9W\n\!\ZF\x\Z\ͰaWh\\X\Z6\\\;Uz\Z\㬟\{\Gf\R\\őF@\jU.\mbj(\\\\\\\bT*\~\>\ڲL&\0J\\gUonܸ\qUeY\"|\D]à\D	!J\\0\\\G}\o\o֮]/\O8H&	!\T*\_φP\i\-\05Xz 7ܠuo\\\k\1X\0K# \E\sy}]7T333\\\\|܃|W>^h To>\\c\Z\pNTpV,u˿җt\\\\\q\\X,V*z\m۶i\\\K_Q$1ƥ\ֹ3-\¶y \,\]\\D#wad/B:جB\j)P(Rx<\`\z\\7\\\w\\r3-US\rs\>\\\X,N\\u\]X\\{\\\D\"ǥ\<\L6MR!%\nKPl\\\L\q]O^Fֹ3\r\Գ\彶\3\\#0y\+(Rg塄T\\.Jl6u#B\gn߾K@W\\Eoo\\\?\O?\NMMMNN\\r\y\0916C\\n=\\>\\\\\	Ƙ\yܴ\;0~j\\ej\a\\:3;\"Z\k\&~׆\\\Lr	n\\\ݐ\\\2\"\iC\p!a\X\)˼h\2\z\\`zj\V\k8#H$\\\\,4\\e\\0\\\~\}\{ʆ]~\O?\\\u\=\\P\z\!\\֯_\\'\mo\\\?35x\\B\\\;:;<\\\ݽa\2\|>*>\\\\G~\㷩݆\N3w9\\\\~Ā\x5I\{VS}YIIk\y֭i\\\r\gZT\"[)\j1Metįa\\H)I.=\"\PV~S񌎎zu\V\0P\fmv@\i/\r\fK/t\۷o\\o\7n\\yҲ\\.w\}\\޽{MO_̲\\\dG*g{bךII~\\G\'\o\7\lTW\qPӞ/\!r#HK\\in2,\\\\n\\ّE@\"B]\!f\-:3\P\P)\bqtt4\\\\H)6öSA\\0\\\r}\\\k\\g=r\\\r7\\\\.YneY1O<\\\\tww\O\w\֤aG}y\/=һUzc3NAU\L\\2\]Q lH\\Ks	\\A+$or7\"\󩇴\k8WE\l\\\D]$丈x]|(4iV\0J\%hh\bh+Ї\\\\u\U\\\\\?]\z׫_\\ei~\8NTRko\_\0\?N>qp\郃C~\~\\\\':3F\\\e\\\]\M_rg\%x\ \-m\d\F\B\O2#[\\Z\\*\-6\\O\>1fiA5y\.ԧ껎\h\\/7\|f\\r\q7\MJ\ȑ#\z\S!zB\UP\\\\\d\\ط\\ѣ\'٬HZ=Ϲ\\\\\a\0\U*\#UX\f\74_iJZ^!1\r!ni\\<H7~a\꒎,\U\bS\r\'\\\\(@ʟ\i풄\(=3J\u`\\\\\\\\\㓓L$[l\0\\ѱ1\e\n˲zFF\1\0\\;zy\Nl˫oa]\0 \0\\"1\\߯O\\!P\0R\Ooxʭ\b\%\Z|\S\W@?\0_\I\\"8\\]eF֮kXNW\IUo\\Xl)\e-SDѶm\v\a\XR\gR9\\s\_e͚5۶m\\{o\\UDT\Q\Ν;9\W\l򪫲װx*N\'S\\aP\<)8\0\j_i\\Xʧ-2kZOZ䭏\6\[~F\@f\Bضjۛy \>\\P4#\z\,+ϛ\s\}\s\)\z׻\#GnݪM&O?\tX|\\\'_u\5\0s+\d:\\fY6x\.B=I^·[݋p\\4>\r%U@se\\Gr3F\@PfA0dRPJV\0\렢qZTWS\S\y:\\r6m\q\FPP\?cǎx<	!|◇>r\hP\05\.L[rX\\\\=+nS.\cd\Z\"8`_|nc\\*ԏ0Te\ZtAHEG\\\g\\Z\j\'\\ru4\b/\Zs	%&!T\QK;\y\\\\L\r\\\n\6Ƙ\\\\S\ZiS\u\\8\׿~\-R\+E7-=\\L\\ws\e\ؾ\0l\2	MX1\\H\dB\"\\ju/\GaQ}+&rJkً֒n3֣j>]1F1\\Vd*\\,+\\bR`Y5\Uf鑫\z\[:\nk\!\\#twx\ܶe˖|\+>|x۶m\ٿ\\\?{\\u\MӮ\))	&\Zf1\f\)\4+\\(\,>\"eh]h\\(:\Zadۂ(K!1d6t\\rk\Mm\b$! TP\y2T*>\O<\333\n\z\gy\\8;v\\BD۲]ϝ=\j\o\r֦\,\\aآO!vF=\B\2\2\e\;*n	`P\\N%\_NXU\2\Y\\BtΗeО={0ƥR\\/.J\tCx$\e\'\\\6)rCZYni\5Gi\I̬*n\\\h+\\\(6VT*\j\.\Zc^\\Zv<o\܃\)\V*\tB\PV\r\0333\ro|\_\_<䓮\RJ>|\^KO\\"A\ܧ\l9,gSdEpU\\r:C\i\\bB\:\bI\w\R<OК>ݝ\'\F,PJi\\N&\r!\+N$j̣\m۟ԧ\\\>\\^xa,\\\\[h\\Zh^ җqѪ7!\\gܠ٪|k1\Uj\\Z᪱z\y;\"-\=U\r\߹\j9`hZ$t^z*\E}c(\${\0p]W*(X\4\5k\|\;\yի^q\F\BA\\\\Ոzg\! l\<\b45{\pvp\\Zd3)ф6)(AT;ad/(A]]HRa\ƪQ9\\\١.W<O\\+n|_asp!t\5\\u\];v\\Z\Zڰa4Y>P\RJu\rZGGuX\ZFãӛ{%\\dyl9~\)\5u`\\\ou\0JRJU\E˲\\x\"0Muag\0\=\S-\\7;366\1NBs\	Ulk\	բ\e[ E5LF\LFW\\FFb\ijFP\0%mv\\A=\*VBD\04X%j\x\\28pmu\"*ZnE\Z\ܛ1BX5BHi\~;{ogZ+Y\187j2\Z\j(4j0y\J5\ܹa{\\nBE+\\4e`\\0n\:ؾ@HB8\q(333[\*_-\Ex\0K\\0AH\rWkRy$\\l\RH`L\0\\pH\E\\u\\gn\\Ck6j-:(#[N %2?\\"\0\*\n\'\\`n*W(SC˞\-!z\\A\QC)Uɢ6\Z  x\R\\Ç@,S_T*6Ab\00\0\\GXb@\x$B\'1\0 \S`\-\*RJR*z+0\Z9$\LF\:B\a?\f\" \%a\ﺮ\yJSS7XTvxb/(\O\\?ETEzǲ,\کte۔ܶޕRM\ꈫF\f6$0& %2U&T!Q\0)#\\ry*\Z\l\r\'a\E@YdbAWm\;\5UE\\`*Дs^*QJUjp@Q/Զm0)e*\\\\'Nشi\D]\rH_G\\x\0!\&\0\{Y@B>\0HA9\\"Լq@|\"TS$ 1\0۔ \l\\"0U\ۖ\\\ZRR\0ZM[\\j\\nB\{U\%!:\ʫ\Aţ4hT\C\nBBY$B\'@T\\>c>B;@\"B\0R\0\0,kq\n \\J1y\H$F?\\	6W\{Z#쌀0Ǽ\\J\\n\Bҋ\r\P1i0W%D\'\Cʭ:=i쬯z\Uz\\\<UhYa\	!\|2tGW}~\\\f㡘`\a@!<\s\n4LjV- \"K)BcƄE\9}U<`A\VqrNd!\0\'T!\4J=\nJ+\;\\Z\\\?	\$lZ\\DF\nE-E]b6Db]YҎ	f\"ٞ*`\\jZPFܿB\7\B5\*\rX\ZJ\d2>h___<w\06>μqI\0L\rܙ\i [& 9\0N\"2LCFRRÐ\	a)\W\r!8Vf:\0\0 \0IDATھVX\0H\"!Qz~6T֒WRs\N\'\\\r!P\4Ww.*\\CG\Kqzj\\n\\*\ˠQ\\*5\r*S\*0X\iXc<11N~\/Ƴ<\n0\'\RlR\\'b@\\#\\\䩩\T	q\cÊL;0%Rb\" H10R0\<=\HP\")Jj0TMb\0K%`	HJ!	\\pjP\0T\\0JTE0\A\\u\rjp\K	an\&\={\&8ZT\0\ 1\y^̎QZm۶\\z\~\\J\n%\\n!AAb@hrj\\!ye)T9^\Nt\\\*+K\\r\)c `Bf\|AH\	)\{P!O	\E\\0H Ѕ\0H\0\\\\\:YƹiZ\֨Jډ\"0ӵ\6UR\:-s\r\Ũ`Դ^tMvjK8T\\ZZPQV&cl۶i=\\ӟ\\\ߺ\ewjVK\@rc\\I\sS\Ԅe[Gx>##,<߁R\Nt\S\\0\\q\\S;NpRà\Zجrn\,	\"lR!\0a\<\\cʠ\Lm\0Aز\SP2-k$.J\"@\\\D\B#\<DO\j1\\iE\DmzzZ-\	!l\\k$AR^\0@\«&J:LWՒ!cL\\\T\\j$TR!\\UF\0\{3m_ٟw\\d*\/N*=\\}\4u?ΪVg*3c\\\tBJY*RRll`\fBHI<2\puUկx\\8\K%BMàL&C(gUzX\!A\nɸg\"$u\9\X	)hm\p\#Q-*?Ub	y\#َlǚ>\\])	,P}\5SxY\#]/.zݒv=9=\FA\Uj\\;\j\ CZ9qK25\X\ż\\Z*S\xa(Ui4ԧ\LPn&\Bɫ\n\\jbK\A2\ϗ&gλ\\{\_\0\\\g!\\5(>=v\\FRHFz\ۦ\T\\_\ZI&AH)\\\\-nYHcIMLmÊ٩d\2.e\uKeZ1\"Lp\0\7\"S	\HJ\Br)LJVvB\nE% \0*\I\n0	\rRJdS\$TP\1&R%\̋ 	Wp\ԍ-I\\`>GӢv6\(4\Z\\0\^;$\Z\K\z\\'N\b\\N!Z\H\N\Z,ʪ\7b\ɢU\0!m,L1BB\"\\.ݶy\\s\\\>\\ݻwo\šQݿ<f٤\"X\\F\"\L効\T2K)@\0\*̫H	c\`XǦ	Mi,%|\e \1)V)0,|)&!BrDAPP\I.\0R)@(Hl%\\0\0\'i\[8l\h}\z鍖\\\\\\" \L\\\ܹb\Z/2b|߷m;J\r\r\rMLLtvvZ\8J\	fx⾔\`х[Sz2Ƅ\K@R@A)\B\G\{\\g?\\_>v\\\R\\$\0fbZ)(NĬX\\:\畉\8ZCDQ\a!\0\2\b\r\\"ALڱ8%´\xZ\>ەx \\@&UB~6( \0BF:%%\u\1KJ0EXH$Q\Gٓ٢ίůuW\# l0\\\Z[\BmNTz\\^hU+QJw\\\\\<xp׮]a\r9˲tIR@d\"س¶m\qt1b0)P֝!IXV\\\z\\~(HJ^|=z\\Dj:\8`d2>iY1l	qd\0c\bqsD	\.\&\/̀K\YQ!\B\n\n\&Ā`&R\ĻEU\MaRE8B\0Q\01\g+|.\f̗.\"՚\Z\`Oyr\f\D`Y\N\oX9Rԭ5t:\T-4ڶN+i:\3X\Zh\nR\H&*Q3@b\\0@|\؉ٮ\ּ\	\H\\\0\3fY\Y܌I%qF\_3x؉\\'N;>>\y^___\"b\;:2]l2\]k dt\3\@U\0X!\\'\ؠ@*n)\\cB(FU\9)\>	.\\-\\0.ڰ}nHҽ)m؉!6O\n=pz#\h\\Jc+:躮eYB65Ja\n*U\ٮ\\\\8311\3LAZT*F\'\j\M\Z \EU[J\z.0M\rB	T\J\Y\\\u}}t\0\\< |\v\^U\n\{^\\\vtnܶ{\ݾ\:tȑcGO;\A\\s\+\nO<˝;\\\81v\\^y5w\$\\3\\@T\=\ٙu\\\gI`W\@)\j7B, w]\\)@J\\\I\\n%\\d+\0!̓!PY*Mp\é\[g.F%v]dFBa\U<eY*EK -\\'\\\)G)\\tz۶m\nςF\y\8\\4Mve\UC)U\0\yeY\<15#\\G,,\0c1OVrI[\'(d&\\Hr@\@\r{Ӧ6mUM\\{\\y\\\\\\\s߭\L\\+\\t\\I]֥]=;ЙMB,k\"\=\q\;Z\\\0T\zͩO9$uNz\\U\#H^)\IBA\".g!I1aKae@/z\\'Vk8t\r\iy 5\딚\܆AAm=lELӌ\\\n-\RsJQ_\<Oe!<\*ZV+\hMblH`RAO&$\!e\\碘)\ g]8UyT먄\0pϗ㚼5\͛6^~\\\z\\\\\{\߸\7\\\\W^\\8\2\-\:dfɤF\n$\"TV]d\YW\\\\.*\*\WADW@E@:!HC\\z\S\\\99\Z\\'̝9\ܹ\\\>\\~k\u\\\,Z\\r8\2lM\\)tcLH\\\rH\nC!6^B))ĸmZďʉ\H2`§!\"ȴ\nb\\X\#d\´{\#GB\\?\0Nu>\\\"*^t\5\\t\aԺѕs\EH\7u$ab!\\ۛ\\v\z F\\4\,E\q\QL06(%b\m,E\(\IV\\P\0\rTd\0Rg=xBO	PA\11J\\\ $c<.0Q@KK\\\\\\~\\\X_\\+׮y\\\0\ן\ d}#\r\L\\$\z\p@\0\#B\n\)~c?\>Rs!\T\4TʏzJ rb9ش\W+؈x]\\TV\O6\\S\\.i\0\=\\\ЭAoa\bQ\r\W,\\7\B\5;ZPI)%J11!+:B\0ҤE=}8a\am㾙#	HqVX!\0@\"\Z)(%䌅$ !PHʐK\Ф\0w\n_w\##\\\\7mݺ8kom{\\\O>\܁|Ⱨy\{\\Cm3\[[]dcE\J`\n\0J[N\\\MjA=@!\0+\naPJ(%F5HP*!P@1\\\d*cG	\\Rm[:9\02u\ä\\\@o\\p?\'B\핌8\\x\5\qO5\\\r)ŠT*QJu*[=\.\0 \0)\u]\0\\I\'\ZCO\qX\J!1\y+~	`dátŒVZF:5\5$	61\0F(IVD\0+\\E\n\0J\n,$HRI)\e\\ٴ/\m;\#楢\\\~?{\\\gҭ\B\\\\b\)T\"!\n\@\g\L\\V!\VJ*%tƮ@*H	8\W+%\r\rc\re\/Pe\T+BdڈH\Pȉ\Z\s]\xa[\M[z\\\Qy\<\xX_\|[z8vTf\"2s>44oQ\\^K\\_&B\'yZ,QUUefڧF;\PJɤN(\\y^zM\Wt]\0\\\|\\$Ģ\0\"0λgT\W\D\"\\\:40P\\Ժ(\S\0JYBH\n\um\\\/c\\pV\0\ZLb\\`Z>\m۷l\q\\^Kx[KcgY\\7|\\\'gd<cͲ\u\\\|\\?\2ڑ}\0\B0T(fZ1Aj|d\D$(\\x#jp\Q\\\'|\N:ۘi\Jyc\eP,z\/$I/\\\룏\\aѾ-N\\]	+@X\+qt\iYA85\-n:	\'&mң)\Z\!\bX,\ZamG\.:\\Z\Mu\|4\E $Q\08c!\v\\0\%$\\\" \:e\ZoXp\\\su_`$\d2\018\s0\0F̪B\d\0#JI%@	B(\0D\\\zf˳	w̬;_Q*,g\\c[\Zj\u\~\NI\'~h\nsӋ\q<L\/[\	G2?OL*RJ(=I$\0#d\0()Q/\0JR2\1\B\Ⱦ\\V75eZfd\r\`(B$(|0ش2G\KPL\?\<\\q<Md\4\Tb\ZčHɤizo;u3\s\\\\nUUU*\-6\666\\ԤRl6]\4\a񣣣\\þ\\G\\\5MS%t\#`i\\@)-b䗽\ԥ2IÒ~\?7\\2\A2D\\j\ZPP\Yg#\n:\l쩝vN\0\i)ğ26M#$`0J2\0@SmՌT&y\\sVb\\bqd\c._\\\0\\\~z\q\\;}\?\\[\>p\7\\O\\c\KmK\\\Ӧe11!%\R1L%\n#l* cEw\\\\.LZ\\\W`\\\0k\\z\x\|!&*G\Ѱ \\^_\O\T5ݟ\H\0D=\\4;c,bt#	\\?\LSRT*\~>.\\Z#>Fb\Z&M0h\0B\R%L\DrSJBh\\L\^h[b`o׳\\'@\Z\Z\:f\\\~Z\\0`0\r|\\'П,\"O(&L\_1\eZ&\\b78\>\ϫV6%\\\"\\\\^I\0\55UoߑϿ\ǋN\\\-{;A\\\cf\^LB\\\\Br)9()\p@L\"\\\|o\\Șe\M3g8\\\Ea`\`\@l6\b\r\O\\b\i_|6ճjv\\\\M\\DF>\B\\0\yA7vr\i\\s;\qS.5\n:a>\T>\\}߶m\n.\\\0$B`R nܷ\rY\\5W\\U+3\\ö\'|rSxc\\HTU6&\\3Hߞ=Ua2\r\"P!$\\\\\\\߯!g\n+P$H)@\\ڑg.,\\;\z\=7k\{6>\\\_߶\\]{\S\U\߹~͙k/\\/ny\Uǝc}\Ϟ34W(|jB)	JHHP!W\rP\\^L2\-m3g\\d-\')0V\0I\U+@\n I <\\`\8yY\\rʤ\\!\9\vQQ \I\\I\0JLgJ0\0G_T\\hnFP\r~Ba``6JٶQVӞrL&\\j,,K_Zp1(>Gi[&PJβ5ɺ:\0(zeT\n(N@,/Mn}lKf\,m9f\\\\\3sF̿9\\'\\"RYč\n\D\n\Zge\n)q/\x\B\05	&@\\\Pp\.\x\yod\~\m~sۿ]\\\svj?f~\Jw~\\-V!?e\\\t\\j;\\a\\\\R\ \Zˤ3Y\M -de(B\!T$\0\0!$%\\`sf\U\HO\Wx\\n}Z\J1C\vçN\&\rN\w\\'\Z\\d۶@n\}ڌ[\u]q__\z\FA&T\i#3RJ)\0ga		\@V&\ןȂ\\\\Z\)a˲lˢQ6ޞ߻T_j_}L\;\r>Nr\册aB%,\RՊV\?\rƯP	J)B)\\0\\\=\\\\o>\n#쓟>\=k\\\'qRhr_\D\~w?24u\/\\^p\"8YS\'8\2I0S\\0<db)f\Xö@\nY\\nUR\0\y\0\\#\rRE[+\1MӲ,-_*BeA:#\\\s]w֬Y\S\0R\\"?RBd:<\G\r:i\i=#\#\v}zia\Z9\\,؎\3d\7i\\ß헾\\ϟ\@>@\\moiM8.\0!\\]M\\".TA4I\OVR:@BI\S	\0w\\\\Z*X\0vl}\n\0\p\\ϻ\K?\\\r5\h;\|\W?dXq\\s\\\ԉ\~Zm`I\_[,P\0Bb.\BBE$PTJB0m=?L\0_\DJBgW\\\D?h1ڳ0R\0\\fUUU/X,j\\*+JBaSSSKKK6,K,R*\\\\\nXĤ0Rc4f\\\\Ay)\0\R!R\N\\cyY\BY\(\\@6\>y\\?㧿\0i\Jg\w\\Z!3bLBB\nK\n+\It\\.{t\\PHp),\\0@X\\\\y\ɧ@\cG6޳s\c#7\zs\\r\\\\u˃ܶqC\\((%8\n$cx\nQjRbH\ \\\\0 )!NDc%&?$`b:\V\i#T\D\\nvV2\J\OϪ̲\\=2DX,\}N\tV\t?\!JLƲb\97M3Ji<L	!\Zu:e\r\\\^v)A1!\B\40%\\?>_PpL\J\*)ˬ\\Y%\0BP\\Hp#\\N-<xܱ-,\\|x\\\n\Fj\F͎zD\\"	ӄ\0Ė\n0}$\0\0i`E&\\\U\R\0 0\nQ \,\0?\g?~~\\\\0m\\0\\ff\{\i\\q\Nݍ\_.\"\⏿\\\6\{o\BK3X\nn\Z!F@	r!z7@ϺP=I)Sk\nB%扩JO\wf\_*\D\"\8NW2\l6?\\VFVom[\rk\")\F^\,˲m;\\T\\A\\\\C\Mk\"ݴMR\\Ǫ$d(ޛ~۟_\\{g\0 R1L\!\ƾ\\\\Hs:-\v\26(3D<\^ǒ9\g{\\\]Ɠ{\_\\S+We\d]\uh)(&\n!>\!Ĥ`\"8zAY\\DyECA\\Mg6m\\\G\{?\\\E\\\w\}\n\\\\|\\/7o\Y\\\ioW R@\\'!3\\k+45U&u\s\4\n!xR\\_^w櫤tPxۡY=W%\t\[ze{\I\0\0 \0IDAT\'m\\\ \cjBϣ\-RJ\0nRr\=\+\:A\*F(\!\ZH\\^ƓO\0\n\^X\\ \.~\\s\>1sJüPF(SzrSi{csMj\\\\5uo\X\\ ;\j+w\\\E\\d\03BmX\\K$\&\D	T9\5]^U\T\e\\\\\\׷`\\;~{MM\\NYy\\z\\\\k\~\d,\Cw\\/~\\[~#4\0B\\x\0Dd\\CEtDFX\:\4_t\6i\]#UC/>`%*a%^u?@\\%\h\'RiT*\n\c\\M7zR\0 \-X\\a\\\HbRR\\灅)Q \0Dj\ܦ\0Á_\0\4\naɦ[OY\z\Ҟ[\>-=\\_T\s\Ɩ\#R\s3\Z\\\\\\شn1]:\Զ|a\"]/\0\\\+A%B()\w}-\35\!!D\\0\0\\u\o\"\V\T\~\\8\\Y\؅\W~\\q\ʵ^\o_\\̓W6\r\%\"&\\rف\#\'28W\^pT>2Ky\PVo@D\Pkj3\Z53?\%\\.\n\Ẑ \?k\'2\^0\\Ј+~H6I1PK߼\4\00Qf_v1)`S>\004f\\\>$\wYT\`y\ړ\kO\\\\\'W}ZA)[\\\\N*Qkqƾ\\\~fǢ\\إ`y\|0Pdb>џ(ƉH_\\a\\\\F[Z`\M\\\?qvGǲ9\\\\\~\_\\\\Ce\eˡ	d\n^XM{\\v0\P\Eδ\GؽZ(\X?Ϩ8˼n\h;\\)&0\ A\r\\\\kuҦ\B-\?J$\Z;5pjƳțFR\VY\DnӤ+\0\k\\nM%bT(\D)\r[:d\d+L3ʙ\tj~3Aui\v\'\\\<\\W6\	cFu\5z7\sx]u*\<?t\ɗ-nhk:\T\\\\\. c\s\ZD!H\\&IĠnوjї\\1.\n\\\\jT2yͷẟ:Li^|Fc=\0RJ0FT^&\\R\g6	mGA.ZG f3\Ŝtfg\L4b\\:JG\,k9\^1C\\0@4,W\\Z#{\)1J\g\Fk^2\\0uJti\dR(JazTa\0Pv{\Ŧ,(x^u\\o_\3;dƭZ<0\0\"qɘ6Z>\%oK\k\\\\f\O]\\6\lߕ4(\%y\kM\\\U\w\\\[ʿ\V\A\"p\r\D*׎\\\]ӯ.\\w\q\\N\Z\0֟y֛\rι\x{UuvJ\\\\n)c\\ٿ8\0Lk<\\U\L=\Nߝ\\\lGm+W\Ja#Dq\u\l6\\Z\\H\\"bT,\\\\"\\;\\\\k6\Zs\$U!\u\\\_\e߿\V:I5\\0a\\&Hx\\۶^\%A`+\0\n眳z\Om\E\\pWn9Qn\h\c?\IΟ3p|k/Ϝ;\\^~Ҫ{\o80f\0@,&\!\\G*\5\Za\BAF\\\\P)_<\\`Ƕ\\0lŪ{tŚ:-W\0`L\n	\P0\	4\\\@}RW\\\(aËA\#3{b@}\X\n\UIa\e[+5\N\$!\\<\}?\UJ\q:\0-f\;\y\0\O|󭿺}\1`9o\-F>u%W\W\n\\8\061E%\A\0$@rn\\\cF9g!\\\\\Fa\\M\F\\\|j\oz\{\\\\\\\֜{\^\s巡/\h\\0j\<l\nJ\;Bc玑\N<ydG?\T=m۲\\E@\_\n\)b\'BSItW\Bݴ\\H.\P뵩XX\8\0a%\"BW좬.1\B `A{\>Mw\\^ t\]\\h\\\\	h\\\r8\\0̜\\󹷾]@\0\0\0\\\2]gdW7\]옹\\a\\Em0Mf!*x/\0\0\X\ra#0(bE\\\\\1\'v\\}o\js\I]\\\\p۷>c\\\\(l<4CSG1OЃ\Z\\"\\\0usf\\?a\0\b@E \"K\:܆\hdHjJ\GF_]o@ޫ\Tb\r5\c\\.ab\\\B\\\x\	 \h\G\\0\BH\\9}B@al!Dɯf.tD\"\\;s\R\\q@\aa\b\Mǥ8\?ԷdW/2SV	@eL2\`+96@Ê\\\\[\\fs,\,!{\3m8\nꡯ\\޲e\w\\׭\\\߷\\)f\2\"J\Rr^&\\L!j \\l@ay\\8\\M@˼\{e֒\0 e\"*\S-c\\}\D\htWD\`dӕ\^R\&G\6Ho$M쿼\\p\\\'\N\D%#\\'t\'Th\T2*j\U\x\ᇆ\h9w*BHKh\\r!\\gBɞ<-Xil$枼{	%	ǘp0\\u?rNb\\!Ge 2\%\{9<ᝧ\\}\}_GWv\Oo\)`\ \xL\y05|\\I$!@F\{\z\\\\\0\{`\ev\և\n\"/(	\ZB\n9\#gK޸\,3\M\M&\\5ݥ\GìP \?X>m1\nB\rZ$\M\ڌ&b8\5\n\)\p\_|eRp.B\\!@\c\"@<,\A/%	qN\0S?\֋fsr\\\}\\ex\"\B\49`O{\ڦsV$B\\ȖU&ݍ\nM3\<\\\oZ1,\7\nE@O\$\\\Z6|s@\"\\)D\0Svx!z\!gn\0\vwo۵\\\'0s)&XB8 L82?\\"\\\\Sgg%`a\Z\#\\ \L\\p}Za\{a&uOL[\}d%uFơ\\\33N\p\ma)\\Q\l3c!\\Y\\\\A(q\y\lzv\]\V-M-j\:qXa4`T\HT%7߹\|3 \㼑\\X\\\\\|ϻ>wd\\r\\F\\\x};\\ZR e̎sہ\:#%\4,\?<}~dw\\>\\K\\1\8p\ߗL\r\	&6x\P?vꗓ\"\\Omcb\Ƭۛ_t\"\0a%\Ppw\d\\\\:Z&\r\qU~4SϓVi\xjd\C\\r\RB1<62T\:\b\6`D\\J\n<lw5/\\\%5ۚ:}0\xR\0,\0%BB \\3}\֜ũ\\#~\\̕r&jj9\-\\`\>ޱz\\\{\\rP)	j\\¾\\\r$Hʐ\0\x\?$,\0nů\0\0\j\rM--mH\A*%\\i4\\r\\ߝ8\M2Ύ\*\&AȑpҎMo\tYZߨQ\0mZ\\^PU&%D\Y\uG\Y\\\,\\Z\s\#{\8[1\xh\\"Y\\#ڹ\IW<i\\0\5v\ѧhmRT\'gz䨗F&\4SLpX\J\\\w&\Rh\S\7\m\r6RčCBFj%\+\r\LT ,TzP.9\\J!GGF\[ZR)W(&)BJ%	!P&/\\+\\_%AcV/nzxSֶ}w?\"{s\\\?>\\\C\\\Xt\9\O\Z7G!$\{75\oM\878*kkuιv]\"n@W\\_3ah <]\&8\\2\\\.k+ \|X\\cccRT.#\ZMd\ȭ\\hc\ϯ\O\a\ZN\r\&(iT#\\\6\oҗ\\u\"8\\w\Zi\s}-\\cJEU\*Z;w\"\\1e؜G\d2\(\pL)3MŔ\w\\\\WW\\\:e\\]\\y\3֚\\}Hd[TL\,\=w=\\\j\9i1\g)\R\D\\\:\/t\mX0(I,\Zr@I%R\I\	Q\/#\@\\7 H\n\0^\9m\Wx7#\s?Is\\\\il<i`!m\c\\\\\\\\kY\"\8\>}\f\\\9\\9]TF[\\~\l=bc\dJ\\gb֪!Y\\\YUUURJ\u.Z\Ȣ\ժ \\>\\a\\M\\P\8N[[[X+\ZzL)\*ΦFN4+X	\F6n2\r\N\M\/~\>g@21ƋùfT*iKB\nx\0j\ؖ\\ѭj[\\y=\?ۘA\0\`I\+n*JT)@AY\\ZI\\'\ZI\\%a<2aXR\,jR\h\\o5T@Jb@2M۽\;D0\\0睽\~\\\\gΐ#T\\\\~\[\9\oݡr\neQ$S\ \nQB\Σ\o|\gϞb\\n\4\N(\Z\δ\\ZO\ydήMյ7BXA\s*\uZ\:\4I)\<*Hh-;w\,\\\\knnN&T\n\0\ַMz\+W˅Cl\\Iﵓ\d2ðT*\R\h\}t\\0)\6LHǫ;J)Tʵ#\\\q4<6\\QlSH\\\V\mjJ\ \гM\$\Y\\\9g.\*c\e?\\c+&)\rD\"\X\0[h[\\4\3m\8D\\O\Au}z\Tm \ZJ!T\0\^q.\nMXZ\R\L\\k\{?=w9\\vw\rn~\n\"\n%\\ѱl\nt\\800P.,Yr\\f\D\nDB4\h\S\\^\\"\\\'?uٶm\q!\\\\|qR\X_;\*\\\E\\y\X\\.\na455\\ \͛sV\&o\,3iW!E_\k]%D~-Q0J\\\N\t\\\>\WI#\\\U\\E8.EK!,\J}#Α}\\(\0\'\\x5\Bi\LUc\\nnRe!\DRR˶]$\14\\LY{է~\?\\\\\\0\0L@Rsl!\6\0\0\?\\\r;Sd\IeƐ$&Ե!Aq>]\+U͙iV!cD!P!ń\!	]܃\%| D>04l\\W\\_\j\\\<l\r@\\\\ZЂ\\r)v\\\\\n\\q\\۶	%\T*\ζ\\\jJ\\\\ʉ\z\ZsJ\ZQJ\\\S,\JAF\Ktn\'p\'\ZfV\0\\GKRN^`L>>0T#o\&V\o؈\_\f\|#ڶm۶\b(\G?\D\r\\\}Ѹd2lTe\!R\nBD/3O\\gy%]\\"<\*_\1)\f\ytRIW\[\pޢ\Q\Z*.	xcX4\K<@:|\{\Xf;\\\\-\0#)\"B<\$\0	,\0@\I\J&ڻ\)I9\\0`GJ$G\j9iH\'w^2:3\0&\0 \0)\0R@\ (ͩҋ4\\0\Xq\/s\?\\u-g7X\TP.\*\\ZɭskA̎\N>)[\\1cFmW\\\s9\\##ao۶vr\[o\\\\ׯwgpp1;\\\\HTjnn,P(h\J&\ZE4\\A\[4nf\0m\KD\\;\\IL\qU֊\nV\/ \+\\;\h$=cLۍ\f\wT\Z\>!$L\qK\\Z*P0d\\7\n\\\\iK\eF\rsH{7abײ\a\-Snc}\\\rɥbWz#+:m~\_\O~\or\ϻl=H\L\Se\0Cfbv5C(!R\\\\:fgc\r8@8T\\`\0\ҿWF\H\\n~ά\\n\E-x5[L\"K6b2\w\C1(z?vׅ_\\\OTgՐۖ;~]Cc\\[[\8\0\d2\\\}}}\\\\\]]uD\L\_\q\\\\g}?;e\\\___+q-\$Ѭ{O\\)\9\0\bP\?TBV\W#\>\D6Qy\bRtT\@\\DhBRn1Ʒk\}߅[mo~\u\'8\\0\\\\M7ߜL\Eg3kݽ\0mM噉\\r+y,]\r\ W\n\>($Ò\L\0(h\d\j\\\\Et\-\\Wu\ڷ\\\\@\GL+\X)\0\\m(o\jG$\5=\"4\.)2\DM\3Meڛ\0\=\g\c#\0\"_:5:?\"Ll\0\Z]={|\\'٥\xptfʨlR\P$,h\/\ӑ\U[.TV\ɝۢ\z\\ݙtaﾽ\u\&\mݺull̶\k\NuN\F\ڵ\\\]~\\(\;v\?~\"X\i\f, \\\iii&O\v\Z=BF8\&:\\ğ**mTx\ߊ\\\\\\njc\q\-zcz9Ԥ$F<DM\\<\\\\\$\`4?ɿ]0\S\\\E6>1\5\\s~i0,V7\U\\XEmjĤطphʘ\_\oO\8n\	\dj\w.\c\E7@ٲ!K2``v\X\u\\\g>9)pP~\\<\rנ\y\0@<\\nc_\nN\RZg5̛L\"X\\5\B\ȃ\\׭yz\F\tH\ާ\\xnd\^o%S\0M\r\n`\=\\d*\\g{z4\\yooo[[[GGǺu\\ۭuz$LaCv\\9{\\\\\\\.\`iS\\\7N+\']t[\\J\\\,ˮ\N;˾8BT\S	\_`\'q\\P_\h=\LYo/ܛX,DarƆꚁ\~\nYb̿\Wl}١Q\\z\\M_\w\\M6\\\0\:%w\ϟ;/pG\n9E%b\n\4\/]}Ý[\\Y\Qp\v>zw_P\{v\^\EP\`	R\XHJ0\04\l\\\\E@\	JQ-\&\Q@\"ccD&mXR\Z\0 \#_5\ҥ\\,̤`Ƕ\ae\\\z6\{\\!\w;%5\}\1o\\cCɿs\ww?\\"kٶ\\ۿ\ZFSC\\t\\9?p\@UU!I?\G\+\\oϞ=6lhkkkmm\JP\yP\}\\<)m\ZA\q;\I/BP\v]ХIդç8<\"~ڑ\/+R\nV\/\+E\V&L\\R\4\ʀ0BI^4w޺\\G\\,_\\[\|\\G_\\o\\{\b\}>r\ݚ,\0\lm3w\}\\Y|$\G=k\\\~\e,ww\#\{\u\|\P\_\0\0 \0IDATҮUM2$\$؂Da׷\ڵ˦\0۶C(Rb@c(`IPH\THM\\\\\W#/P\"\0 $r\oJM9	/7VS_\4wV\\Usk\Z?<r`d N=\\9mNZӼ\\K\\\/{65Ҷ;}&R[S;\0$tww۶\dt\'n{.q%h4b\֭\\ͫVJ%\c҂}!D]]]䎦[KR2\\;2\\hˁ]]]\\N7\\\Ak520|S\M+@X\J\q\\r\\<J\j(DBZF	\"\\Ьֶ֖YՍ\rw=\\\;\s\gvn\^__t\s\zN\\3K/\޻\\\\\\\1k\m\H!<\\u\;\\3\6>\k/\\1sW^oz\BkF\00D<\Acj\'\}Ȣ#	P\0$1\0\0+!\r@:A%B `\r\nM\y\X0`\g;\\unՂv.E~,c\rݲy\\t\\\-\\z\ci\\\{ྻ\\\lik\\n\0\}{mǮ,+\\\9\f0a{1ۓJ\c\XKKK{{{|>QBL&#R4͵`qڜ,R!\\\P2\\\\fq/nezFFXW!\\0(\Ĵt9@lR=	i lb\n\0cPB.`\\YUe2\>\\+\\q[-3\08	\0\\\\\\\\\_ɪ\zi$jbh2\W\I0\\\\'\Rbx\@B\\5\0(B\\Ϟy\=~N0\|\"H\0B1.DL\Z>\\\\yd\n\nbG\Z\\Gc؉\Q\0\\ue\ِ-\r)Q\\0U\nvk\	Kkϕ\0\>\׷\T(\5\\K\\\0\0(-;?/J\0`YVXF\rOå+\\\\<m\3ri\\	\\뺚j\\xҜ󾾾L&;\\td\\JT^`!SW\\02TJ)\\0\@D\'CCCv*!lZ\]\\6\w\^Ձ\a\0hm\dx^	BA\0$\\\%\ߚ\\\'\\^)\$\r\Q#WU@,\\a.>x\\︲\Լ\o\\\\\\0\0 3\\`*\0\\/\\\W\ZK\n\n#&y\.1`\@\{\0<\0\"AzKh2A\\\nd\7,S$j\`\b0\r@J̪\\s\3Nb媕˖,5MsCL\}[!\0444h\\auPJm\\0\\\|>Rzh&\ZM] j>m\\tȷP|\\_׵\r\r\rQ\5蚉w6WD+\:@\B\'e\KG 0a01vp`(-!-\Md\'\r\\jlۺu[[MCd1!Q<\g!\0\0~ޛ\؇u\\5H\\@Hk5??=J\/\o\z	\0\yoo\4lҦ-B!\8j\;\$kV\hX\\0XD\\~0nR\\bj\n)mdT|r\\\JU\H\\\\JB\n3xɣ\\	>R\\TM\0\|c\s{Ϟ\\\޾h\b	\e\Ks\)\'|0ƺkjj:^F\\EC`dV,GGGGGG\\Bh\ -\Ztk\lVۄj\4m\\0_^0WX1gΜb7Uׅ\ν^\O#|\y֑k\C=qJ(\a\"5Ǆ\ڽ;\6\\G~\\\ֹ̼2\CT\Bqy\w\r\0\\*\\\n\0J)(Z\m\\|⧷\]\ǯ^Y\ъLۑFix$\\ƶYҺhѿf\f]f\·Լ\;\\' $d\Zu$\0C\c\VLM\@	u-\qa\"Pa9͉\\Z  (P\nd/\r\t#\	8\\\0C{w\\Z;]2\nkzbW9UsOf\\5\0 y\G&X7[k\'\0B\q%Blۈ:\FFF\gT*J\n#C\\NK \~([i\|6NԄڙAz:Oѻp\_\A\\\Q\0\\7\Zq\w櫨#\o\$\p\\\\\L\\\0\4\.J\\r\#>\1\nIu\-\_}\'\cC#\ݿ\@uu\ӟ\\\\(\0\b\0#[1 \\".A\\\8\\\\ͽo\\->t\\rRY+\\7\\'ų1P\\\\]\\\9}\\\\r\q\4A$!i֚޴p\C)D\r>\+K@\39QD\0+x\'\0\q\7bc\n2lXiH,1$cH%Apnpێm5\r5\D\\\j	\"Q\0BAT\d2R\󪫫M\\o5\n2\zzz\\\322\4\\fheY\XH$Rа9R\!VM8>E *tGgm\exm[W\w~_Q\\Z}\ğkt\\Z/\0a\na(ټysOO\\?\w\\5/]\k\\^իלz\i\W\\zϻ\mkio\}W^u\\;,\\0$\\\<\T@/H\\0d2\ysC\Q+#d:Ҏt\j\u.8鳃\\>|\\\-:\D\"s\r`Pa\%#\~cJ([DQ08Œ\T0 TH\0\0\\%\\D?01\\i!PѰb\h\0\`f2\",\,\ \0\\\+H0`P\0cF\!\C\\\\uަ!\\\\ni\H0==DPgZ+ڟ/4);\\h\@800L&\\f\ƳWkt|edˊ\uB\nXb\\q\G\\Kw\\5\ܷ\0\~\\\\G>\\\>\׏\F\9eI\\v饏>\h\\{RT0\\\766\Uaa0C\DB\\0\0m\ԉ%v\`\~\]\\fh\Z\\Xf\\\;[/\[?}+Oi\\0 \3	\dK+\ˢ\0Lt4u\r\\mPdJ \\b9>X\0\0)Q_>\\soH I,\ĠHW\G^cي-^\\\\ \\r,b\0@`\/\rc\\\B466J4]\\\ݹs\\0!Dc\߆a8H$\9\ru\m;HDn\\Z85qz\Rߤ<,\0\\JTV2£Nz\e-\2\\\ٳO9\B䒆\\\-\'p¬3{\\V?\{\\+\\~\k_sw=Wp\8\\\MJ\:~f\EZ78\0ŵ;kP\\\\u+w\E0F\#\'[Y/߻墿z\7z\GOY_9\ozfݹ\\"\0\@ \CHDMPڞ{vƄ\0R\J*I	PPe\ǒ5\\0PЄaà ,xݷ?\\v\k	\0Ma0g\e\\V:\?\V ,\"A`0AJA쫀\~\\\R_W\Ba׮]̺oSAm[G?\\oȖ(\Z\<5	\H/\wd\u.\97׭\\\\\\yr\03ra,!A!	\\$[,!\FXi\0C\0ɩg:\\\7\s\\;4\\e\~\{\\P\[7\\}}$IP\}at\ԍLVvM\\\0\\I\HaM\+\\\\_\\\jo|\\\,\\o\җ7oz|g\\k\\籈\}\\?\\s\^`u\}b\\ecccZ-\@Ym\|\\Ya\E18©+Ja\\\}\>{ɚu;ߺ\ggX+\\,\jngˠa\c}\\}\\\\0àd 1\1ar	\au\\\|YF8\Zj(`9\0K\QȃJ\Pta%cN\۾S\ߕ	t\\\\r꒪49U\S($Yi\,	/9Q4r;5	 \n\0 Y.h8$$5eB\\\j\\\Öe!R(i*b۶i\d2\\]\\\\\\w\rlY\\\knnվ\/Sz[1Я	\eY\2\4͠\0;)c\/uL=\\Bh<2!쟎\o5AN\軁p\S\"\0\w\.t\\ȅ@ \'\ZR\\\'\l޼_\\W\w޲%+FG\\(7?622\\ZFSs\0p\\G:;TU\b,\bH4\{~Z*j,0a\\	\\ǌc\"	\0\\\;vŪ\w\rl\\ȹ\2omjJ\\~\\\\w;O,0\\]\0.\ \\B\0gӋ3\I1M \R&LS`RI	E/h\)jY:}F|2\\O\	@\\\OJ_팦ug,Y\j\H\"W4M\ǶݪYT\(\\\v\`_:SW\Z\B\\|x\U\|<FlÌ\'Br\\/\z(\f=\slGVd\0\4-X5iS\\\_\\^y\\0\<\S5\\\aR|>OijjZ~%|\\?\"\\MJ\\ -i[Vժ\P\=Ō\\\\c\4~@cRM\{O\'\\jU2Or_1\N)O7(X)\Z\3\,[tttcF\嗯v˖\tݹ\]p\>\\S\1}\\lSc\_\\Wc\\;\'񺺌\n\aBE\\\\r(:@CC\EQ\\\!n\\:|XL\\p\ȸ\aHaIʆt\7\\\x݅\\Q\7o\x\'\\8.K\\\0E\nȄ]l`D\"R\z\8\,\\ª\{\ßAo`\M6E\\ZȊĤȊb\L3_%T\\NTqfP\\}x\\\<y\\xC\]?aZD]vmݺ>\d2ikA绮\-3\<\nEѩ(\K/\\՝~鯼\J\iaÆk\r\W\\iZ<\\\\\?/\]\/\\m۶M$IAuҪir\Nބ0\\7\@8\\\\y\\I\~\D\Nk2\ԙ\[;w\x\\0طw\\3\\:~\_:s\\\\\\0\Ç`\@it,KT\UHI\e[T\n \0pأkW\\Z\CY5?\\:>V\J\ZЄPi\\݅W.qc\\M\\06`\A\0.ǀ@\"RE%nێ#T%Qd12f\\|#V4\\"\8\@	L,/P#\C\np\W\r\ha\Z\jc\\x9\\;66%:\\n~~\0\t\9kllmol\\\\b t=H\dY&\7#766\2AX\\\?9sDQ\\vm2ܶm\\\ᑑ[n%:thΜ9\_\ի[[[m\v\\g\w\}\,\¤\vB9y^\p:©b\J\\rUZ-JRX,N2Q\nJ\RT*Jbq<ύ\\\W<\\Bq\"O꫋//\gϚ\]ZV}\\\r\z$\0>\0twuu$}ǺǆG\\㺌QI@R\SJ1,sN2\qyqQ\\0 &.\\\kѴvT?6:p<f\l\1裛?K\6~\\\6\\v\o\Fm	\S\/\ez\\\%S1k峪\E\9 #>ye\G\\0\\0C#\0!,w2BX#5	HLD\\eKS\TnY\=݌2	Q\D\qPL\̜\M\0$Yz|ӣ\\\n\0O?Tooo$\Ze9o\'\!\\KӑHd	\0_\[ZZv\\	\0\x|\\\tرc,ظqc*\=\kûw\njjr\\w\e.\\\[di\G\\\\x<iӦ`\AK\T˧\0&æ\\xwLF?0\\\\Z=\t6\<\\0\\rB\\.\Ɂ#O`\\y\S\n\s2ʁq\)g\SUI\0\0!=Lf,˱-9Ha\\"\nζ\7\'ʿ\=\DrንW\+$U\o\1\\\34%\:EQs\#\<?h(\z|00\ 9\\Q\\0Tͪ\̈́{ĵ\%E\\\'w/]\\bB{C\p\\\\\ui <(Q\0\\ `j\\<\\\s\2\cP\2؂v&HqZ\\0a¥\n\np\1\'J\m|	\nBX A\"9\X\H?ѵ\\V\rY5@SB\\D\"w=\7̔Ҫ\>E\0 qǶ\b\\r/]\\,ǨKȒ$YSz((jP\\\y}|~\ҥO?4\0zکgq:\\7\Xwκys\\ر#N!\+m[ccr\Rw\q\c\r\Fc\PH\/\\\=\\\O?u\Ñ\\\\\yI4ME\]\w\k\=yѓ\\9S|O~\tLg\\\O\ZD&ǂ`\\D\"d2Ţ\h8x\nZT*\j5J)&cL4-REd-R\5dYse\\h:r,g\"_íں5\̞I9}}\\3\\\s\\\\S\W|\\\r$	r\S\$Y|\'S\?\q\F)\e\:\00fZ\,H%\1Gj!\"M{gYimy\Ю\9\zqf\\k\`\0ư\)\\q \ZN]w\r۱²\3\$\d[\9ZS\J\\=\\\o\0/D\0L9F\\MN<\\"uZ\]mFDA5PXR|A\0YaUDK\\h\QR\Y\Z\&\\7\_1;t\xF<e	\0ly≑\\xq&j\*,)(H\Ì1]?!o߾ \\?>w\ܽ;w͙=ʏ|ZDQ\"\G{ttt4N\8\*E\q1c`p\l__OR>|pg\\Yfw\^f\\\䧗$\0D\>\\\D\=}Ǧc:#pF3٩\\\\\\RT]]](\0\q,Ө	˨Q\)(`JXSJ\9.\:\:eXf\\\w]\\,K\CiʂGF\\ȢeKOYd\e\MM-c\2\s\eYTd\\\<pz\NXN\}\!D\0a**\{\\%\*\<֐~\{>|í,\\bk\ťf\Z !T\0yK\0\溡\y sU\ƊF\t\=T\\f^%\0\\B0D8)fɃ\#8@_q5ĵdcn\ͽ$=\$QU\\\\vp\\3\{K\bXR\Z\s=MVg.;o\2\\\\O\\]%\Ѩ I$9		â \"9CAi48\'xb\ڵ\(ɶl\\\LN>F鼹sF}=\\\x\\\n*\ns\S۲KR>ύρGQ۶\\rY\\\{\\\'7_{\\'&OB>D\"L\Z\;\\\k\\4\?\\;X ?\m\=ZVJB!Ri\\\DeQD\-\0Vb\4-Ӫ\n\Wt\?h`\m_)W*\\\\f\ѡ\jZW\h[6;ahD%\4\'\(O\\&\"0pLKӴ\\X_\\\;Q0\ZZJM}s\\+\ዧ\\-:|}ï~\B͢\r8\#`\n03\<\=\a_	C*X\e\(rC\\\\@\r2B\2\Ie\[Tv/\׾\:19&FyfLbr,\/!2̅)\\\6Ue\\z\0\0 \0IDAT岤Lb\\\\J67\S\\^Y\X<)mZA\1l\y\G6l\F׮][.W:ɿ[\4\ޝZu,|\׶<\\-{\K/_\\ڪ\\n\)q~ر}\?\䓃{\\#h\/Jg\~ᅗ/_㏷5$?E\\\\ \{Ve\Plo\#|\di\=K\3cî\\\r<00J\\\Ml\\<l\\lc#\\\ƆF\ubDY.֪\\\\dY\\>|\\\-?e\\+\\۹\\]m3[\dZ#`**\P.C!]O\Mzƞ^O\q\8e#Elښ\-Ě\U\\7\\\\\!\z\+?8g|\\\ܹ\0\u1 ,qr.a\r\\mŘ$%\\fc\5	I2\믵\G\;\0k1_qdC&v\;i\n\|}뫫\: 닆!H:^<>֣[X<1IZܦϫs\\\\/\RS}A\R*G5\\H[̌z5cf$\ZX,\\n\)0L\0\w\UW]\0.\\k\\w\\8%:-\W+F{{\n\\]<o\\\\rcǛ?\MRtpM\>z\諯f\iJ9Bf`m\x\\v\_adM$v\50\G8N\rN\GhuAr\Se\d\m\ȑ#7o>p\띇&\nP\\.;\0crEH6%p\W\\2uu(aB\J\Z\zzgΝט\\n\_/5\0\4-\4M\uGFF5MC0Fm+*R\8D\`\\\<I\"p3\\0cDK$2E\jZ0q.m\\NGjՌ\|rΜ~o;[X 3B}\"rQOBЌU\\\fHƮ\0E9\\r\\\\\\s\\\\{x\;\>` P1$s\9;!\\r8\QOd\\ɦ\\J\r3:\\i\̜QO\$\\\>3j)UD\>NeמWx\=,\"L$X,jH\9>\O\\0l\,\I\\0o\W:g\\08cǎH$\\\E\\'\\\o\n\\+O_\\\o\\ޙ\\)q\gPl˲,\2F\ʕV\\\\\\\\\\{[[(\r\r\rW\\q\c=f\\Z\0$\k\'a\cӜ\Ǚ\p:>x\I=S_,+x\n\\ 6m\\\RTLӴm!\\ւo\vR\\\\rD\"\(\%rŦS\\0\p\\U~\C:\Ӣ\xn\\\\1sf8yZ[ۮ\\\\:::&jccs,d\\Dh,\0##ᰮ\z\Pgr*\~2\\r&X\b\}{\G3|6F\̨ѐ4\\Yw\rN$\"`\^\+홼g6\>\A\1\ؐ1ǢP<><\+Vbqmn6Jf\\nE\\\/uj@ΰ\\\y	&#\0O\\*\ݹ\O\uv.\N9\\5Zغ?e\&\(%EfX?o!cH\:WΡ,;@]ae5\nQ4BP\\\է,ɪ\9nHQ#\0\\W|\\@cc\n\o\3\8c\̙w\޵kW{{\\K.pp\%fY\\mg39R\n\"+\\EATUU\)\w߽7\|sj466H$l\h\\6\4թI\&#|7|\4N\t|Ppj\\\v0Lmcǎ\?\]םD\"\pX,fA\'\$I-mr\\\\0G]\EӉ$!V3\\\=~2\SOYp_\\{\ƚ\w\ȋ/|\\gmڴ	\x\+F1\Zg\cT*E+s7#&&&\0 MZ+j\@\xE\0\Fi\HT\\j\t,\\Yko\\\<o\WM\\]?\\\08(\L\1 \pD\0\<\<2X_WWMMSB\(D\\\5O\ݴ\І5\}\4\0p1%&X\0\\\|B}7C\2\v<5;{f\%\\~(\\kuߖ\#IP0Y\;3\Zҫ̍75x\0\͓\1!\\*i\>!y*K\\B6l\\Ãm\fKX5\\0\]\\Ϯ<\TG^z\###\l6\?\\\0\O߹\K\\\r\\0,Ǣ\wz>p\\'~F(\[I%I\n\\I\\\/+\0={\C!\H$ZMn\ |\\?\M17\4k\R\\{V;\\}A.xlݺ\\{\馛\\\[,\\r}}}@a\\f͊\\\1\e5\\#G;kQ\dYo\Ι;/]arq\\\\\\f\\ұ\ޝ\_y\\SW\BT:YU~~\/n\\̚3˲x!\nX4F\<\"2cT*X\0X,<=x\O8B\C\'\\\ֆ\!6\Z\RX\\\\\ϒ\\\\\+|\0\ة8N\0\0#}|%\!U	+(N\Z\\}\\Ѥ*?\\\]4\Z	\\0ǃ@ 8\ɫ\\##\e\\\\\9K3:\2&\x\Ɣ\n\\'\eٱGq*\DJ$L1?1\\u)IC\{\\"1ܖji!E\0\\\rO?\(J\\Yh\b\v\\ݻhѢ}\\\K.۹s\E_\0\8\|ϰ\\r\/n\Vj~ͦ5˫ܴ\@dDl\E	\0֯)}\\'\\\\7\\0_|\\ϟj\\ܓ75\I\\-\t| bzp:\{Edr*\Z\/~\g?eY\ᎎl6\\bCCCmmmiʒt\ңG;\\\\UU-\\Z644\HGX=j:>6\<\ܚ\\\E+\uZ\\lx\m-׿7s\7\\\1M\\\p hSJ1&Sd4\d2!x7\qr9q\9\T#J Λ7\\@gǪE\m\'/3/\<I\=g׽t\\\`hמ{so\gV5!\0ǘ#\.JaP\0\\0cI+/^\AIX%*\\"]{;_۲e\)紵[\ZG^\wLNT\\S\Z@\0pAɹ\\\0EܵcJ\qx\"\0\ҹ=ݲ\z\Bϲj\\8\\\˗JÃÎmgҙ8㘮(5|F7\Ydy\\\U\͏D~\=\\Yg}\\ό\Fo\\'\σ\,\TA2j\-\\J\r{\\E#DK\\ݲy5rETdq溮,JŉP	uM\ӟ^lٖ-[\ݷ\\\\D<j\'\\]\\\S?Mg\\\\'Yp\`!0\\\[o}\\<\\ŋ\8N>VJ\\T*u\\QEQ,\*JZsN\'jR*V\\H8$KBZ\\qmӬQ\KH00\{[\MY\r\"\aݨ\0\\\\eG\R<|U\r\t\3\[ZZeY&8CI*eY\\$pAe,\4\\\\r~b/pD8ǀ\ru\t\5\r#B㕑T\\~\YB\h\7\\+\~3H\ZՊ@D p$p$\0`#\ $SIچS̝;\\\ܶ{\P	\\F\_\\\\\~ʲKD:Y#RL0\\|D.knδ\L\#f\\\\&D\ni\0ԣ$U_Ѩfbln\yh\\\\\I\{nB\e\Mc3\;\Di( \0\=r\y\U\?x9nCs\\[ˍ\\淿\r\0\\\Q}ZukCV\bLrS>\\ HDSDI\D\D5Ūk\96f ^)fXVZ\Z\8\\`\\\^}y\\'?u\\L1T\\'ٞ\pjAezԚ\\a?L5\{\9\ӟz\rf͚\0l\^lY{{{4\Z-J\r\r\r\hTӴ\:+L\\\]v\\XnT$\q\xNm,iZH\0<ϕ$T*YI\<RN8@2\\JҕW^x\\/\[n=uŚ3\$iMS\W\\0\1 PR\(a\nZ\rÁ \\S\ιE\'\!N0$\\\hkscמ\\%-V+\E\\sf\z\qj:\2\\\\UR\\N\n`1,-mnVu\x\$I;\\E\\6.^Wï|򥮙K̹3\/tD\\"\r\s=P$NG\0F`\K%\ru\\rk1o`!E+U\0c}\z8\h\\kmn\ؾW/\\w\S)EꚄհ\!*DEBR\[.\ӧ-8m\gv\K\liO\765<\\\K[>r\\\0`FnWppy`\\\qKA㒛/\+Ŋ\"ia\s\"Vs5`Q\c!\"Y\m\"YSCa\\=JHHT\0\0=~\\?ݽ=]\\7\\\\\.10!\\\i <\\(\A\4\W\}\Ѷ6UU\\Ꚛ\\\\ii?~<\\\\U\\\viZmbb\"\Z \neۜ3\q-˶LX,\jU\0\\ǋ\"p@J%\u<\״P\",K\J\\}\2\rdr\\wBЭ\\n\0\\\J\7MS \R,\\u]\\Z1\a&\\Z\'}pb\0\(\ǛuY)EU\CI\4=t\x׆zE\\4>0г\\\rjڃ*eS(G\\\\)W-\\\$x*BR\\,WbrPD\\\_t\%\\u+p\jZg\\Z^,\'_|\"\n\"\c ,\0垡\\E#\"Db;\\T\\\\\r\@\0\D{\\t&G\ùZ\B|\cs\Hg\\\C6\c*#\\5]\EMW7ܱ{J}-d(\n_çj\}zw\\wXy:\0\r3rB[\r\"X\X\G\\߮U\J,I\6(#\"D$9\spɪQòr΀9(K\T\\\o=|$v\\kin\?\\S?\r\^#\0 s\W\\\裏@@Yz({\\V,JÇXB\5k\:t\СC \nYf\n۶\r\8w]ǲ\?\\uH$\n\0S9a \S\0\e\0\fի\l{\t:}b\!0\\˲,\\\r\r\rҩ\lv0A%D\bA4\wV \8\$ttt\=޶|\\\'\VD)&\\n1ci\W>s߯\\NC\\\yW\bTKf\0*$0٪؂\{\~\"QX\NU\ǭh\E5a\33\m\k\\\4H\\R\\\P>CʀT ֟JvzфDOn\\*D\\eI\*Zؘ\\2;u:\+f\n3\m7\\{~U\LH\EfD(J\h\)JH\"\-\\\r挎\:\\3\\[\Z\۷\ڂ\4QՁ#Gg:\Ty0WUME\\ИSd)Fp\u<	z\Λ%qhdX\\\fܣcK\SD)CvD\}\\\a\u٧nmi\\\r6\\0@$Jm\Ӱ4\L/\~P⿰}\$I\_\7\p,\\w^2\\\\Z\\\\?\\\2::\;t\,\K,)B\\\\a\pX\'v\i3f̘7o^$\㚦		T\0\\.\\\\\\]V{zzL\\\\V!ڶ~\.]\4\\?tfFc(*\B\\"8j*\$i\\\Z-\&\Bo\  \<\}\n\0 `,I\"c}]aA>e[}\fp6B4%\g\{6\\\~\\\\\o;+^||ߣ$2ic	]II\l^5SKr\\\p1`1\'Q8Trr\\.\@\1bE\;w\r\o}n\/.\ĒL\|,H,S\\szsTf\\Ό#}\0@e!\%L\0\0\\0\`e\WəQyh\\\U+E\y3s|9\\a\0Kec\ھތź 5Mj#o~\\\W\40\+P+W\P9?6\'3W(\\KpZXWxϏ\ګ^p\ܑ\?\Q\\*\n:rlc$\sʸTQ\1YSCш\M\\\O\-\\n\\'ީa\tL\t\\\Ǜ1\\\^}\\<\3֭[w\\A\4UU]lYCC\\\\r|&q]\4\\۷GQ\y:6Ms||\󼑑\0Dg\\.]|\YC\{{)\$ \倌ZVo\~饗\޽\ѣ7oFO>\\X.w\ر;v\\}\թT\q\\\H6\0\\\oL0s(۲EIi\\؈(x&?\\\n\"\	\\	&D}wp_9\\\\s\vհw\9\\V\:qk\\\w|\\r\\35\\\_\ni\\g׸\nB]([\\\\B51LxJb\ӡ{\s6\\Zoo\w!Ô\1\\(\Z>v\aZ\g\)1M\rfV\W:\K@\,ʞre\V]vi\c_¡\pOD\x\@qq\LE\,P?]\n՟\\\\x\\0`TJ\#qs\\%\@{\FXDC-\@V\g>ʙ>~\\'\0(\0\o\\c\g]~\%\ٽL\-Viɤ\\@K}\E03/\TJ\n\rH\\(\0<\ȣ\7\\!\MMM\]VJ\T\{O w\?Hp\ZペN\p,KUթ\\kv\g`\Z\Z4Ms]\\\\\\>44\\oĢQQ\\\UL\\Z\\m166666\0\p_\u\]7{\\w\wjw\0\ `EQ\=fFR	7\Ν;Z\\y\0馛.\+b\ƍ,\\V\\s\N\0˜\G}\\.\\>110P\.cժ( B\\\\=/LFè+UQ|64\\8!\20\0@\0,\n\"\0\(\n\Y|%&қʜ\\\\\\\տ}6\\\_n\	\\j$ô\\P_IYk\\e\\j?\\\M\\d5<\:b9!U[hU!g\r;\\Ro\L\jH\P-\\̀50~|ׁlC֓\"\t\'\&\09&\"P\޵\\\o\\v\\rR}\\$b<\5AĢİ\\0BY\"UM{x&J 	Jl`xħv[G\Z\Γm}\[\\\0vi\<\VPou(\,	(bo߾\>\\w3\08\q,(\0\\ǯo\0\\e!W-\\8¢e\Z2\r\Q\s)\9\GcY.\b)*k\x\0\;7~y#\0\\\u]7\J?NA8\r\@8H <\\r\B%I|\\;\ܸq맟~a\pR:88x\%$	EQ^\\r\\\ Q3&\0r\\\o}\+ժ\k0\\ywјs$)\ãJRLfk׮=묳\N\B!H\7q\w8\0?\'_˛ L\\\ D3Ǩ\'\aYC.\"g\qlƘh\\&ӲZ\r!\\bi\qQ}\NHz\Gs	\#1s\O,\X\\y\0ԋj-X;\.\E.\\Q\\\3V&]1RUpE\+1k\\\>:b.H2\0\0 \0IDATDbMt\̊R;\uڢ\x\r\\\E\W袦Asj\\\̦ٳ\;o̬\"\HBҌcIb,\n	\"mkx\\\P,\á$\r\\I\EH-\}\"+.U\_C:\ZmX2;7K\X2\\S\0YV10ǈ1\3\lμ7~\\\~\3a\tc\^?kǽ\ں3W~~%&\\[\֑U1\0\\\S\R\4θ- 	0\\;9\_\xi[b\vV+VN-ٺ\fQ\JMA*.L\Z6\B1GQ\nţ\00k\\\Ǐm\VZ\\@8\@4\O)\\+z\!EQ\\\%IZt\\\P\uttH\\m\r\r\rg\9|\8V*\0\\\.\׿l\\`k\r\v\6e\yDj\c,5\\\Ü3I%Ij뭷\9s\tvv\y <xв+V\0W\;\\\'\}\n\P0q\\nȉEOM\dY![Y5L9ikk\)-\ncFi,%	\V\	C0Z\	i!p/\"Fw<Y\\\]\\sXµDhX̫iV#J5매\nG\ٞyJ\\\}\ǊRuBk\2y\\\ս\@ĈXݕr,$Nq(\ўNe\\;rk\\3N3r	L%\w\7FpD\XJ6,o\a\F\\;\\\\t)nԵ\>$\\\&\cܣ>+Y_5@\~\Ui\?Uf5F\i\\\l!_\\\1Mt8\3).A\5@;w\1Yp!`\0Q\\\g?\\\0\\bur\p$S3pĭ\ZV[</z\p.\h8#GΛ7\04(\i k}\\DX\\W^\/Θ1㢋.\nB]d\ܹs],?\\56>\׵P!\\\.\cOn~\njhL\0b/\a\mצ/eAx\\=\\6o~X\}\s]\X[{\?\w7~i\\+\n\h.}\dJ)V\ʥK>\\ϝ30QAqm\\9 \BD0I&@ʨ@\BX(\\8$J1J]\\=/?\Z\\\0!\s%\"$?QR;b\0\w]3D IqP-\\\\'-K\\\Y^а\ce\\X@T\,Ъ#x޼9{\\\\.X=x|0\"R\ե~<\*T\\K,\ˏ愲\1j0׬TYՐ2HGF(B\"\Z/\T<\}A=ƀ!I>sc#Í\r%\"@9#ʘMK{\\f.i\\\71\\͋2\\'Ӻ Oo۵\ܳQ(\x#\\\0\"kڮvϟ?S\0\g|jѢ%\rMYQF) N6v\kPBu\˶a)*k\VʣKkZܧ9BXV\T*U,\|\\J2$A+\\'Nz\t\4N\\t8z\\\\\{{{\?\\_\\~u\\C>d\\ٳ݊=00\c.\CG*=\Җn\b\0/\\\ofy>\0R\w\^s\,\Ǝtr\\5gW.]\X\\\/?\'Pɽ\,[\_HX\5߶ˣ*\\\\8P\A\ZA-\l\$yҐǣ\\ͭN9<Q\z\0\p8⹾ BJEI8FQ\\Ȫz\m3\00\p\	0B%\\$\ZtB\\L$ *\,\\qQ	BC1O\\5r<V -b*Sv\r\4l\\|!\qzڙ\o\>\\\MS}:aKTdLd\YX\f`.\<͢ģ\vJ\\$/\\rǹ%\"c\0T@Y\\3u\kc\80˵Ր\3(\2g=\\߹\M\\lpwn\)}\/\\1ynMSq>\\B\ I!! v̀S\\^8w!\0\\\_q\GC ͨO0C>]tk}}\pVkZ\=7\ZRQZ%E$	~\88&z\"\\"!t\9\\\o@WW׍7\8\948Ie\TM{\ZK\\?_\ZڶeYI\0B\ڵk\\\z\L&\\\~vhh\\_ԧ>\C1\"\\\Ǉ\\\~\0Jf,\2-\Tq\;NHK+c\x.9Nɣq\\3\\\\\~VK͛z\\D\"\n \xe\\W^ѿ\sXϾ#i\\Ke\\c\\\a4*\\u	]\5\\0Z\IeB\DHr)\\I\QZUu}lppdx1\h۶$I$b\\<OӴT*\:N\\\u\c4H\\O@\v\\\\\=\o޳\\%p2\\*e\2,ʄ`\!1j.\0<D\\`}2ZV\\\\\4L\h4\\֭/^+K\"9^sv~o[v\\S\?g9\\F.@\>\0]U\\"\pݣ\\qY\"p$b\0\S;w\on\%HTEd#\8Ǣj%q֎\v\\Z^\\z\\c]\\\X\\oEI\3JB\\+4\\\D{\wgu6~\\\3ۋvU\%Kl\7\|0@> |\#bZ	`+6n\U-ےV\^g=\cVk\&B\)מ\k\}\w\\\\}ι\\k\0B\h\\\\<\0^{\5\ٺ\èek<@׵ڸ<\\\\\w^szl*h\\Sٌ\\˹Raab-!bhF\\\\_\0v\:\\\0q۶\\\|\|\_K2\B}lNP?\fg\\0\\͢\\_\0\\\B\۷\\\\?\\d\\\\|.7>1\es\!*\r\쪵\n\\@9@\@nuMSJ\\>>d1h6SZ)-u\\J\^[l钅%\?	Ax\\\]\k?\ˮ\o+W\h\W\\\Xmjor\i\w#Cڌ4Wc\R<ݍ)\fC\hkkmmn\ohkC\0\r\4ZQ!6\\\t:H$\Z\ZsB\\.#\\DJR\0RJ*i!lFxaj\M¦P\Je-#	\05BJ\x,%\\5\\0\{ǝw\\˯~Kx*k\&UFkΨEC&!ԠP\B1)|1%\e`#\0a]a#\0pJFeJacL	%\0\\74p\k%\y\\0cֶ\GG2_\_̯_\0\0ּy\\\DFKؙb\6XF\"\0p4+T7\끒\X(\ҎGz\0 \\\n!T()@JI?\\\0 \\?Q͍7Ɏ+.43\8k#pǀT\Z\V	\n1j\\Z\z\> \0ض\rs\\\}\\d|\.B&Z\={\\\u\UTj~\\TPXlYcc#\0\rёtz*\Z\N\/\\\߻g\e\n`xh\w+R\X܌M\}\\G\\6,ۼxͼDa\\0i\0LSZf`\SnE\^\Z:8\̿\\\[t\\>\\=\_q\U\?pqr\	ؾޞL&3|W\*JЉۉ8Hiq!\z\dKY\'ܻw/Bjө|\ݾ};\0ԷI!$B\|\0Lðm;S\\bBJ\q\\'S!`^S\_Z|Ζ\8\L0GJJS\5p|p\\\ jԧ_UpԬ)\C\_\u\P&}\?ڲx\-\L\\\=PXEW\H\T\A\nu24\Z	Q]S3\D \3=0`\0\{_GBF\"LB	\)QB(\b1;\L\\w\\\\0L\(\\\Q/\N+ZܱUj߸;I\2\?\\#\\?Q\rNc\Z 4DuB)\TKKK-h_S8̜\這\GqjQ;q\0!\"ĭU2W\n|$\#|\\zhzz\L0x.6gs9\9\7\\*\M9`\?y\B\\\\\\\	˶\rÜN\\T펧o_\\0\\Ш=\Wm;\\stߓ;\S\\-M\ka\ժ\'!_.s\\r|7!P\Z&L.34r\\gwH\F\\v\c\\\\[p^o\IgK[έ\\n\u\\"\0Wf[	vD\2\"|\_m\^@}޼\\uK\\.PI\~-\YK\Hj]FM\,J x86\:1]\k\\\\ e,\pho\\%4\!\0iR\nV8Bc1\`J\Y M\9 PR\\\\/ݺs\\W_Yl\g\n߶p_\Mp\n0$=V\=K$\hG#\\)M\\nQB+;_ \"\M+\ZEN(E!Ax<H%`)+j\Q\\o\^d\0\\PLbkW\QX2\+DWC/ CEm@i\:\\\&\F\\\0R+!@\\K!\鞈vySh.0]186\JQ@a\[N\\\\~&?\\\0}h\?>\rsp\WB5\\ɹ/8NBRT__\\\\c\\\e˖\\\\t{{{kK+\\\\\\pc}t)m\0\N\F\de{k)\+{V\[.]\Ib\lM_*\\/e\\⧭^\ͬ_\Ϳ\w?\\s}\\իW}\9eϻ\\?\\{ons&_\[-V7tq	\ryQˢe\\#(0-1R\\\J\d\@\\u\\\~\=+&\c!RJ۶\\d2\h$\"(\nR\ڨ&M\P/5^\#9\5G	ƨ\뀱A `%A*\\(\0RJA),K\u]\O\?ܻy\\B:\"o\Y}\Y_\hz8;:\\sΜbř.\3!\5\0ɑ 0\0PDPL@\"\0\0B&gin\XR\Ш\!\\2-˲j\\\kfT1,\\˻ڛ.\j\0\\\n;>8ܘJ%{׏\.\\t\+:2fr\&,qj{\\'\rPB\ko\\>ZtRX\>]\jP,@˒\l:%Z\\"\0^\n\<	>G\n\8^\ \\'\\'\'#\\*y+½U \{\s6\\\#|Smwa̮ۺ|`ݺu;w\\\d\\_\y\SO=%F.\r.\\uM\j~*)P\&nx\_=\}xeuykgذ\\Wp#r?_.\E\\|M㶑L\\5	Ae\+@tt~\?ݱ㉻nE\\\'\5\_x\9\0zt\"\tuq\hJdpi\Ho[_\\ݏʣw9,\ZE\\ί}\o/[i\iBp\\P(\8N b\BJ\\(npΊŢa{1!@ӑF\?d0ho\0`\>c\\I\0RB\ruI\Z`\dސKgꙫ{gG{۩O\-&b\)gSX(\Zk?\UN+Sur\JSS뚆bQ3IP\5JA>wȲ\Ѩf\!;\P2`,L\Y\\\0\0׾\ڧw\\0D2n6_;\}Q\RAn__ojP\x\;O\\y\u,]N\\*\uY\ZSRJ6|P݊U\0\\w\'꒝\;k0sb0\,A)\V\2-Ə\;\JŒ\\=\,oDR`J\\#F\n%\r\Xn\W\\um\6|\0Eb\4\\0·R\9F8\\쿮\n]k9˿\\f\h\[na\}\\۶mۺu\޽{w\\\\\Z(<X\\t:\_x=\\0\\\\6;]\\\\ru\C\_\]m%|Ѧm\--%\r*\\\\X\\\d\x\{\g\\|i\X\g\.\\\N\\\\\\ym\+\\\j|Ʌ^}\ێw\\\VZ\r\HṃrO\^\?9n\\1㖆\\ͯ\\\"\\<;\A\\HE\y\\7\\\y\t\\\3\\0\\odiZm`!!\\\$?X,\\\\r\\TP(iJ*1\YB,ؼ\\#B-\\\\\	\!1R&c\0` \s	!c\\+\\\ў==b\}/;c\n\]ｮ\{x\׏\=\ǟ\\'\x\\\\ܸ\\;.*#GzQ9XB(\@\"C\θ䑺8\0P\Ё\0&393\niPM3Lj\Z\Z]C\nո\O\Ow\y׌T(\0p\W\ДfF\pg&\R\\\B)j\<9FR#@TY蠟s\\0\~\\jN(\k]\\\	!`Qˣ\\\ƥ]nI\\\O\0`\Z&\Ld\U\nχB-[\0=\\S;.clv[\wo:\k\9/\'wP뮻n\X,v\%\߿\'?I]]eY\\\\;ＥK\\x<^.>\\\@)\nߋ\%\\\\\{z\9lX\\<TM\2tmܲa97\p\Ug\',~\_xp\\&\0ؽp:3U*Ph\ \?\\\[\\OM\-K\\N.a\Wion\\\\V\\\\P\0\rfa_*\}\ٿK\ne}\0\7\\R4\?}\O\x\\@sK\xiڬת\\jc\nj#9cT\\r	\u]R@\0D\\\+\\?6\\)\\\\)\\!\a\0@!D,`\\V\\\\nn\T><\Z\Z8|p\\g\\\\\-	.:j2\\\>\і$1\\b\\gK\n\%\HjR\0\Ԉ\rL3bنa\A1aQ]o׮@QJw\\M\}_\DqPm\\?)\0\A\r\\\\B9mw6\\d\O=H4\\\'7-+KQϙQ*UH$4\\όO=}=\0avPHq\\5\\0֞wF`SA&\Z\0*\\Ą\5)U\0.R\\p\\\0\3\0\y\3\NMe\0~h\9 4\}|2\nvww\SD\"\r\r\r/\"\0\\s\5Ba\\\\ry\ʕ\p\BB\\?!\0+\B\\\\ Sx\[%\'-+֚M\i\"01\Z\\\	կ\\r7e\R0\0\wλ\G?8\+\l;\g\\\\\\0|UzRyRT9H=[\l\ч\m=\\\g2\Ɗ`#Z\\L\#/%A0h\\Y4\\=\\ǜ\\koLW\_妠X\L\\\Oߚ\\)!\\]]]\\\m\0TR\hs)̔i q\0\X62\4M\\R:&\\՚Bc,nHڶ4LF3%\eRb\H\\C\Z\\0`zzzll\M\\\\\ZG\\\c\\\1-űa\Z\\4\Z$\9:}\(x\sN\u]:N\\n\^\>0>:\z\U\A\\dʶ\\ZAD\mx<g\\O\Z{}N\Z\Ç?+\B\\\Z捎\0\\\\\?\\ \-\˪L2$}T[ gE\Bй`~\\\\04L\DP՚<\\,`.1 @\uU\+ټ\ѱ\ꖥ3i*JAP#]vYm\\#GOq\\K/C*\p\\d\'\'k\7[\X\r6]Bc\0\0 \0IDATv\<\L6]l\y۷\ٻ\\gJ4BjP(lٶ\?\0\@tt8=\?N\;m\FͲ\\Nztr\\\O\khx^c\]>@\0\\\\\?o\\K;sE%.aY\|]\\@.ٹ`>\0:;V^zNhQóOP\jæ\zM\5lfc\0\Q4\B\\\\\(+\{\\r7\\KS\\\\0xᅝ.\|\\\~ŽDCc\6=$WKɥ\$E@TܧX,=d\\\\X!Ɗ\\0\T\0d=uV8\s aP&	5\r\er\\4 \Lg\!\n\\\\\+\#-E!\JW\\n\	.5Ð\\\\ke\r\c\!0\Z\I(fe\~\g{\;\\k\\\j.khZc{;-bX\n\\0qD.eXf\lXa\\a\\\0\\\\\[\\\clJ\JX\+wߚD^:ɦ\C.%BM\k%c\:j\*\0Ŕd8ƈ1ԒB)\0\x\a^b\\p[\ZTNP΁mRN\k#\]\0p\/\M\͈Dyטi\\n?t\\p\Ɠ\D\\x<f͚BHGG\\~\\\\m۶՘\\H|\\;\\\.|\\0P,N{XuԷ}n\\\Ϲt\\FY\\*\&\'\+Z֟l\;y`\M-s~Gu`eh+_xf\gǕx\\\g`\\9Q&)\`\Ʈ\涨i\\yF,`Qײ$mh\n,0&(f\Bq$=\0/;\r8\\&d\ڕ\G0t!81\3\S4X	\|Ńeئ\˔sY?w%Ƃ\\i!)\ҳv%aJ\#\L()\06\\\$\0yd@7\>\xO/.-)NW\"\d\bB8RPݬl<{u\*u\KQ+Qn&,Vv\T<q\\d,n?\C/=>jY\!0\$\9JDS\Z\,p8\\҂MMM^\0\0_\W}\0YfcϾe\z2s\+ۿ\\ڃx\"\n\0ؚذ\\\c\\(a遐B\A\_t	ҁRB0`\4lP\\r\$0`J)ɂ@.\H.mSMLE\\T\XZ:\r\TbY\"<\\\\z\0\\\\L\w3\\D\p\\\Z-\Zk\rS\0\Wծ]|\OR\J.{\D*\k0VVúNo2\ÿb5W\ÂX\G\\\~eMm\\\yr}\ʕלE:\06<\oʕ\\'\'Rq\nTR)\0\\f3\09\n\1B\0\n$>\\o\%.\\MK\9\\6\0Xuex\\o\z ;95xPu*\\\X̔s\\\?\0C##wvv>\\\p>L\9QjJi3\*\"\0\5]\4S/\9?\@1h\pJ9n>z4fY&XJx\u$T\Ě*\dfzd\\<P@KQ&Eٝʕ`4dac\\\B(ƅ.\h{_~d\sU[->u%4euj\c}[\IV.|ѐ\GSmK:\oY.\\`m\֨L$j\\\0P(\766R\\\p\\c5k7LT\\3HR\ᡗ́ƍa՚՟\\\ݸ幇\0<\5\\;t }|ȒAxHZe滾\y#\/\\\H@\N\0\"\Z\²-)¨&B\0н^\+\)tZ-\\a!@R6\=Ү\a\{wμ1\\\\g\g\`X|\{\\nKKK4\Z\\\\Z޲e\\\w\\\'|\\\P\n	\?p\$\0\0p\,Ǥ>^\\\\{\?\ՇS\ώ{&l|\m\6\\Oh9\\n@\n)\05\{E\"P\r\ngzyb\\\\'\Q\0\\O\[\\S\\Kq\b\0G\0\n\\{\\_э\\\*n*#05I\\\Ti:\\Ygկ\\Zs\.\On\0ШV(\BP\N\q׀Q_\}s\\RA22-b\0D4\\hZ{Յ=\8s=hxȴ*\2S\\\QE}$\H\b_E,\0+\ZcL(Q\0R\\"\q)B\]\֮΅1\\@\)\`\\ݿ\QwJמ#Ʀ뛀P,E\\\ZT<nF4\))HQ#\0b\\x\\iZ4lP,HO\\' Ag\}(j\Ǐ_v\\7\\\\=\T\ʧ^~jT444>\\o^\\C\!J5D\hΌN\12\04\0TJU\0j1LUK\V.4\0IJ\Д\NR:̯\SW^y\0x}\\ V\g_8g\mNG\\~&{8Y\w\H\}\{_Tz\g\8\\\?\\bq\\Gf%\r\y\\\':&2iqK~\\䬋tbxW3E80 \0\}?Ϸ<\0 )\0z\8C\0Y. SJ5B\,cŪUcyb6==iӦ\\0jk\\r\A2\\R	f\\0S\3\Q?\Wē\77jY.@le\i?\\o8\\ըdQגk\\Z\Bq:FPJFF(\t\0,;\nGz$&P(\0^q*$a#}\"[]\\\X4\\\mX IuƸp!]\\\r9WqD)\'+0@RH%%F@PMH,\BDӆ\ƈz\*+l\n\\O7lz\wX}#\q\\r\}\_\y\O\\\xg]SX7Aa`\"M#M$\DSk1\Bе&!5M!DFFF \u=\߯\\#\B\\<h\XSC5J\5t{Ϟή.\0\\;p`1\Z \0C\F\-Y\\\\\\`C(\n0(RJD\Z\\n\n+\rqa$%Ǆ`\B\.t5	!\:B\}G\˨\"[\XG\r2Qb.55B\"ȰL\y\/`BJ\0B\.ٿ(\\\998W/\\\\nw\ފ\'\\{\Yt\^\\/\\\sN\"\;B^ziz*H$0\\\\\\ӟ\9}/\l&@\{\}\\\_tF\\\\\\}k\\\\0 \0\I \\4m\޽gi\Z\H)\	:55e&R\͉\	ݶ	JI`DjA\Y\n7l\0\7\LNry ivR\n|/z\\e\\0	A,j=uqng798:\]ge\\3\\\L\\nJ63\mMM\;\٧?}\\\\0v,a`8J\L\\A0aJ0@\Ɔ\ڏ\?uŪe\\\u=f(\A	b\ޜ\\\mp%Պa\\(\0W\\\\!\n\0!=\'s}S\\UL^\։rV\'\Ã\0p߳O\\\\0K\ى\\͛\\wo\z6C\\_3ܵ,\uWXQ* hhhBTm\&`\\<\\LK=ԓ\\Wib|腝ϜqY1LN队CMNuW\|\\\={.\\hj\\.\m\ \n*@#\\P\\\\\o\~m\3\0Ƅ\\\\tz\ʕn\)\(\5\+Wǵ-Ca(\\a!\чw3d\TY\{\\\\M\=g}fNJ?\Z@ \\\\ j\\7ͅJ)_\GZR<\\]|\Ů\\\\\0Ǝ\߶\|\k\0P,u\#{\\wl\n\n\+N\s\\+/` %WJ*rbͷfٙ핦)TaI\/\b\:c\\\\0%DH9[Ql\\ܪ!T\'bJ	D\aqRD\0wbhg\^	\Z` 3u^]c*J\\\\JԘ˿\"D\\\\TW\0B0!&\nRI\\\p!T\\*QZ((	@R\0\Qߜ\\\Ѷz\COD\$R\\)3$\n0\\r-6ъf\Z\ҭm馮0\X\\@(K. H[G\͡hc}\\\\D\\\`O\.}/_)]wWl(y⃕\0C}xmh\\g>|pldY2s\\\BB\\֮]\<g\\w]\0`{_|-\\Ɔ\	F3׮+\ww\\\#c};\0\\\zvM﹢\\\\OL\!\MM\S(S.\\^r͢\>\Tv3h\Z\t]\uбc\\?\1o\nD	\VH\I\ \BsRc\00ᢤe\ZuN<\\\\\I7\9#OY\?\\:묳-[644t/\\\G\uô\R\0\\{\0<\xN*\|q\\\\s.a@\wݞUZ\R\\n0WH@4\mˊ\\\t\\\f\ {7;#L)\%YDS!R\y:H\0U>\\e\\\Wz9\ Ѣ\\^Q-[Q\>clxp\0l\h\%\\ߝ\o1Buqy\R\_jo \0\H@\0\r\ZWn\:\KI%EX35|\\|&A\"N\CI3j(\0%P ,	TR@J(A\*\e\Cj4H^x\驑\r\\\k\s\\\r[n\[~\\[⶿\U^t{\+Vj\q\eaB!\Xa!\ᰔ\0\0.{\@0KX\\'\\m6\<\\\.9{\GƧ&\'\{^||ǁW^\NMaK\LϤ睺\\Sz{ƧM\+%\0!k\dzd{Sc.A\\ϺSJ_}\\\\;\0̉	3bER	l\JJ$R\\XcSp@7@ϱ\\oU\\qrPt.\":#@5kg\\\\>\\q::: ׯ_\暚\ƸP,NNN<\+WP9>2\mO䯾y\-\\+JF\C\42\`\0\"#@XHQ\\\\\\ZjL`\40 8\{l||<\V\\0i\\D\\\r\`~\"\\\\Z[ڕJJ̸LS{	C\V@R\rm%2\ҡd85,]wx|M\0\n8\\D\\{?\\uŊ<RJY\\\ZK\Lk uCֵn5GB/<c\.KӔB	$%\Q\Z\@	\"fȶB\s\0B\H \g~\@I	BX\xs})ML\\ϻ\}1%}|ǳ֊Spot\=Ǉ{D8\Mz\s/k\~\\Y\\rچaJe\.\\\\y`BrX,/B0\\\}\+_E^\8\۶m\\\\\B:=\\\\x\5\\\~|ZFWWP\ȡn⋺D<֘x\6[s\\'n\|\\+l\\\C\NB\nDRӶ\"Bl\7wjϞ\|\\\~\>^r\%eMl\!$lPM\'\\\X}\nE\r,\}ҤcL]\'\x\\K\;\%-:\~\9\)\8sp\pvɝ,馛(k֬\\\U\\ܹ\\\/\4M\\\T*B\||ll˖\\?|\0/]H[h2x\\\\\L\٩ l\?cі\5\z:\B)	T\Ձ\\\#G\BpUs6\\bAh&R	A\'\0 \0\%<\P\/VU\\]JeF\n\j[2\0\\\\~\l%\qJ`^4eq4>2fE\@I\	Nw\\GGGc\p\\\\\\\W?1j\z#rZ\vDR00\0`p\nF@*\07\'u\\\G@f4Z^ 1(REU\)+2-at(F&*$\s%\'|cG\=\(b|\\o[n\;\Rz\Z@\ϻNAq\\0\\۷?}l`xoww_~\\?x\\\\H\:\0\\,P4,1ֵk\\ūV\Z\|VU\sl~B־#X{\`\\?N\\\۾\\o\\\I]\n]{\%Wc\hWk;hౣu\r\r\Df\\uK\OF4\S;*pD0:dĦ\[\?\\c\#R\|>饗Y.T\\vWr0ąRJ\~P*%\HV r\kVw\\\0M~\fUs(8s\\\,]~v\\\\?~,\\\\}\w\\\d:\\'2W\'~\0\\3\\{ڹ\\Aŭe\\˚\.\0\0B0@\n!IA\"(5j\v>y)ZCA\\Ūu\Z\\ZPQ mb\0B\\\\1\4\%Z^z\5lx\X\w\\a%\}	&Ҭ\D;.\\0^U\\0\\\0p\W_~Gwõa\.\\'\O\D Ha\"s\1BI\f\\\um\B6g\\>U.w\\ZQ\\PE7eFڢ(5ek\LM\Br\\'L\Z)\JU\3\0Bv:>\\=w؜(YW{\\Ѿ\v4D#iι%\Z\w\/pr鉱rX\e|\sۓ\0A\dqO\M\r\6뛛4\\|\\\E\\0ɳv\X\\|=\\b0p\#?Ӄ\>\\\\S~\\>\Su[\C\\©Mk7\\]\\ne2SS\m4G\.TbP+\nrxu)/^\]\\+\۟߱\SN٬0\qC\\0R\t\\\U \*R\\\Z(,0/\0\0\\DdVWyܒ[q\\p\\o\\\\/|0Z\͛7OOOoٲ\\N\R<t\FR<\\\m\d\njq\\\vi{<\\HQ\+MM\?\\0\0h\cAH$AWX\n!k~!477ONNi\P\B\!T@hT\&RD\4\\8\(&\Z\":1\\W\|.VBRSDL\0֜u\0ƫmZ\\3u\(gP\\\4K\\8=8@8pr\0[#c\\k\ueP\\\ȵ\\AD$\\nRJ)\0p*6y\5\;\1\\&&U\\tD+\×-v%LYJ\C\nC911\\\\"h\\hgUOdY\\\A\j.:>Ű\\Z~1T\JT,H\rWQ+eG&\ƪ\\K/\IٚĐBh*3\x\}[L\\_\0LNX\Z>6z*y\\>\gΆ\^\}\G?\뮻k\\[>\-\7|\S\ZJF\\\r\%TaBv*\e_Ml\?>§Q\t\\q\aݚ\\\#]\\ܾ}\\\38DĊ\>֚RpPP\$I*B\0 Lurx\YT{Sx\\0oJ\$\ԡm\\p\\Co\\\\s\\رcbbb\{\\\dcc#tddxdhhٲ堑S\\n\	G\w\>\0\M7رg\}hAs[SsS1\N\\j:\xt\0h\uK,(f\\\r(%\aBƄPR)L%g\#PJ @\B\0`I&s\\\r \[\\sѩ\*\0<ĕBI˶d\+N\Ba\WRӴI\0җv\x\\\n\idY\x\\\ZiҮ%+\o=e\SOY\\p҈ZY\&+EGrej\{N\\0\0 \0IDATZ-\x{x^\\ƒ	&Ń<\ft\?ҡnɄ-\"eۢ\Z\q4:\EYf\@P#I\\J%R\6\+_uҁ={b0V\\L.\B\#\=\@s[\0LLZD!;\\\/z犍[\-g6-Z?c\l~b\\\\\\UU\\\бo|\[_ye6pqC\"6-\\\\\Ԫ\^\sEǇ5_D\+xP(B\t\\/|\\\t.\\&޷i+W\0@].U_oZf\\'\"\\@DT\$ZJ.ID\"\\vΘ\ό\e\'Bs6s\\OFN\lfWWיgo߾\\\\\;ott\\\߼iñϙd0\\0\=\Z\>\o\\R\eL\\n\ngm\>:<\n\0\!@43H)Y%\\pÆ\r\\\0!c@\0`rbc0RJe֒a\x,fY\\fR*%M]JZ*\t]\Ԁ\\X\\\'4oWxapm+^B\"\\UZ\0E\-\!\H\)#Bt]=ku\_\|X,\[&\\"*WVgZך~\\R\}\\!_E\r\`k\|`C\+\\X³(Zۗ/^\'s\_\\jS\g\w\xѧ#0kAS\\d\Z\eo<\ԶŠ\RF*F9L&*\I PɃb\n%z$YV\g^x\0\"\Xf\V\v}}\<;\5\\!C\:^\\\\gnih\\\]\mm\\\*\s\P\U\\\5.\\\?}\;/8\_^^uƶo}\\}\\<ko5b˲\r!}\\{\w\4\nE\\+ȕ`\\\>	`\0^:t4%4ͨ\9\\	Ma\2M\"\nD\\B@\nDRU*e\0 \8e\)\|/XVo,(bN81s\\fo\\\{\\\\.lllܱc\\O?}\Ɂl\\\\\U+N?\00:˗_y\3\m֤(\U\\W.\0\f2\\^K\Π3H\R\\\\u=Je2M\\I%\\0b%\\<\0R\E\"1yŤ\\n\00\0k*)\:\(\\\0\\^\0\_\\%\mQKmN}\`\}P\\0֓Ș\2m[\\0\0\0\\\\\0\F4\Z׾.\0\ߩK%\qZ:@9\~\=\҆\\<\ӏzeY6\6`!L-	!$$I̐$\0I^HHj11\6\M$K\\mק|?P0\zL\\\G\9{}\׺\Z\\W\\[6\8P\'dSR)gRѲ-Y!\q=\\\s`y\Y~\\g~\U\\\k\hDH	&վxQXC\T\\\^\؄B9S\P*S\\)?Oj9b!CG\XX\PDBGCx8-W-\0(\!-\\\\H06\r#hH\[Ttt.^\06\;B\\58\K\*\\Pa,	5Dk&mݼ\役i\\\VA\տ\\\0k\\\\\\\_}ݵo|;\K\Z:\0\}\M\\\t3dg\`6PKÈ\O\7o{o\OAx\8(\i%Aq\S\\SJuM\0@P(\;\0t.\,l浙W?a5\\p\\/T#<@8b/}IQh4:>>s\\u\\ɲl\\\\<{\n\0\\r\0Uޟ\0\tPHD\;ش8ْ\9eSI\\n\0`\0a\lik?r\H\\\ \\G\\\{\\1\0@\az*\86jk\`B0\ \!\q\)c*/ge\\\"\I\0w2>jLI\o;*\X`a\U\膄1ah\n\\\\ʕ2\j+߳\\cӾ\3\\>ҹ\\C$8]E\\ɓ}}ڢ\\\#\ɭO?mX,)\QͤNL̐Ʉ\Uǲ}\)MeSS<WC\\\O\^jodE5Еm(Q\\)׶\\I\\%\\z\\wc\\߰\=5;\-T\$Jַ\\\*\0Ice-蘔Nr\*vD=\3\03̡P\MY\\"\J\Z\\\vjzzW\2\\y(748ݷ✎\ZYv~|\\KӇ\Ǉ]\tm{\0T\\t\\Wٿ\\w\N=trh`E\\r\[`e\\\	\0\,43)(}˱3d\&\r:XxTB@(XC\\ @\0456\0l6\?\&y\yK\0\iX8ebppp\ƍA\(\\݌C)(ʲe\R(\\\\Y+Wr5\0x\7Um\@\\\\*N\\]\n\\\ڳ\l1vZ/I\0\Ab\Z<nll\\\{\\0\鴪ic`\v\\\nL\ JDJ&\)g̱mE\@!\![*QI\0\\7\\\s\\\޼|i.\l[d*H0r\IR\r:&\ϛo(\0(\\ܼi\\?\B\@@S\\,\bE\|D6y\Go\{w{eV\\\\\\HT2L\0ͪc(\u*\j62\ڐ8kiú3:PĈ4D%\[c;F\\?صlɧ新\w}\٧-\߼~\\/]\\\e6\\[\ZcEjE2ʩ\Y\*@&\'#fxrlR,	\5M^\L\0p&K\\*\;Zƴ8F*U\\קPCTvD\0t%\l~\o\\\_:t\\\[یvӣ;_z\\FdK K{^yi\-m\p\گ\W?rǿw\\Ϭm\ZTI\n\ON&3\O\o\%gs֚YU\\	Ґ{\\\\j\1ƘpJ\I=\\\\"Q\0\n^D\\Xgv\\8\<\\7\H\\=\\\0NZn\0$C577wvvRJm\6LC׍J\\O\\0Ϟl9մ\\gz\\CF\\0Ow{Ug!8L&p\\y!!Dsss\\ۓ\'GYaZ\ض\"\W\\\0\"IF,2qb%Iv,ۥ> \@TF\EM铇hmܬkw\r0ݡ%!xN[ê\)ZU\ Do]\ؾ*GڶŅp\\\0>r\M#\!6=p61}\\R\{T\0Vt\a2\hYl\\~<\\\7\?ԐL\Ɠ\\\\\4\(O.]-Uܪ\\ne:\NZ\\0&a֧\\:\\Z%*\*g\\\\O\#?z\-_x\\\7\\u\\nҟ۳~\\g/]f\\u\:C5CS9\w\~e,\ed	Z᎙\4ד>Y.k\0w!:\e84T\^d\t{[\\Q*\;uR\\_\]w\yO?t{SsųO\n_V\0շ~\0\#O>\x\\ʧ\_\\\TJ\5I6Yt\\<\|_\\\C\'\\\\\z\\\\c\\"\\MQ\8cH$O\np\\Z\0`d\\l|I}}	Jb\p\;fs&\\\\.\T\euuu\\d2*W*mg\\֎+V\F\\SGT\;\ڪ-ͱ\N\ caIo\\\\\IӜ\l\0\P(ł\0\,\\\<EV\0!,\\Tf\ufP\\p\0NL\_K)(A6\\Zn\V\\to+e\0:tJB^US|MZ\w\R\\\\\\<Jm۶mg\w\;v\x饗^+I\\s폴\L!$`~RdR\\\ԉkϼ\\\Z\\>pjd\4\H(ҍr896^)C*2g̷Z\Bf4~:\}\n!Z$P$D\\}\\\ttv5Ejjcvbg$\ţOm\®}LN\.\n\0`\\\\ln\n\02S\\ln|d\0چ:\0ȟ\t6Ji\\,\/mZ\Ҵ$Y\֜\O\_\\r\j\<J \\\'>\\\\\r\#\6>\\\=W\#\>uWv\t\z\\6.^В\Zl4@y\g`j<\P5v\\\xJ.(jbA;\\\LyhT\\ޙ^\\\Ykَm\0q8\\\P_\0|~\[^W\e8Nӝ6}\q΃\\\\Á\\\r\\\eił\\p$\Zcv\\\]?1\0d\Y)n|\\)\r\\\0\n+p`TMkjj\ZX~\róXs*Xt\\޾o߾.\0\0\0>B!L3\'KH 1V__?\)Ucc\cǏ?\\k7\\H2$\n@\0\`>jr}q\$@w.945G)ɔ9Tdym\ԡͫR\2\]׭ZVM\ڟ\\vǎ\\>\\hch,\ta\\\Uii G\"n闿ˏN^sݵWކ>rp(%nT\\#\ru\+\+(\a]E!\\<J,\'B;\M\!\\\7岷\?x\G\;\ݶr͚\L\\\}#}\\\0gP\xS6!\\_P-\e\\\FǦ&\'\r9v\Lo0\\0Tq\_99\I\=sxt*%\[~}\\`ah\;6\\ò,}\_@x\WG\N6<\\6o\?\\2-\'N7D?v\\'r\\\)\rc\vpJ-۶,*xK|xdә\\Gm\0d =\șW\ɑ\]k\1\B\nX0as8@$jTSU#\4;9`!\Ù\y\|)\x\;\\\\0clÆ\rccc---\\\O=\4ΨJ0\OO56]x%9X\J~pR-\\떻sYVnJU`\\\0 \0eKm~\\g\\\>\A^#\`t\ҍ7@\-\RiIoo>%Rj\Z {`%\\fIL8\&8<88x\С\\|+<S\;Eg\0\4<~\腋9\\]B\\\\a\r#\p\˕<\Ìc\\\t\d ۪Ɣ8ܧ\^i\\\D[[뫯\\\rN`\0Lc\rXXbp\\\?\͛6.^ر\g\\|\\\\\D&\2:\\d$,FO\\uH>\t\o\\\ik\r\\Zx\}\;Ti\Z08<424\\+߱{\kZ\UЍ\Jx\0\\\\~\[_\<\nN+\\\:\	(z\rKZ2q\\\\T\\D)\sۖ-^\\y\v\\D.=4qj\9kK\\G\x׏\\|\\\'\Xj\\\\P\׼o\\g.\s\;굗,\\h!l BM\\!+1=F\\\'<tum\\FG/Zw\}\{\\ﺪ\\":!\\Q`\80&)3\0\\0Ieo\\f,\rs\Ӱp>G\y/\\\Bm۶MNN644]X,\r\\\#GLLL\\p\`\9u\ο\Z\0+\\jɭxzq\"\"mU\Lz\c\\0\\H\\\\}\Y\q!D2\f㔋徣G{zz\w\|!B#=ΐ&\0VʕP8$ N\6X\j\@aAȶ\\\\\j\2==Ɏ&\ڕ-\\ǍX\.;BT\n\j}\JURKlǶ\\ıp8z\\nݺͲ\'N\w_/\Q\\\\$8\rd\κ\\\r\\]\'r\\ZR미\n>Y\\|+L\p]S\[VT)PI\9¾ qMR8.N姳u]>\Vjc\6?v\\*\\]\\'\?y\'?\Z\\\\]O\\ e\.U\}p	\\0@\ P]}RnP\0th\"[O#]W^r6\0 \0\nw}\{\\ƞ\p(\O\p&H_{cXa{\%w\"\rcYf I\Ñ8Ē\:hO\Le\0ڱ\q\t\\Z`	\]_r(C\9cGp\0\\\\k\\\\\]Q\O0)\\\g+\\o\\\I\0\;\<\={\=\\\\\\۷_~\Br\d\m4\0T[Q^qF\\MWT<:U\$\\Z\M3\"gB\0`L\0Xt\\?\\֦m۳]3sfY\\4\qxw\\@*\d2a$\H)ca\"+\9C\\oii\d\\t*\`\V(k\\i,\_\\L?zշ\s \n\_z5&$Yc@Pd2yrb1\\9G\ʭ[9=44\\s\\?}1\\4\!@c0eIӢM\DZkLz\xvȱG\\5\\$K\;\\+iL \sV\:\!\/k \\X֩\Xv\\U\\++;{._o~kpl\ʿa\\\\>\[>q\{t\\'\r&1*\0\.\ns\"I!a~\0v\\&>\f\\$\U$#AQU\URU+\0(\ ##\0):Ŋ\\H<\b܌ǡhFZȀrs0\r\Z\}\0c\Z(2ĳ\\\\vy\0[\\0QP_غ-J5a$\ rl˱,I0g+	#\0\0\n\0553ڶ{\c\6\\\\f󒠻2x|\}\555麮\޽{	!\\Ãmmme\e\\\\\'{Ha\Ak}IDr=FPrQ\0p]\rɪ\\0H\n@eH\0jkk\\\\g\ȧ\a+\Aˊ+\\\ڦt:\\֚NUU\rN	&TPF\5\J\\744R\\\c}}5Xcu)\*vv˚T\\H]\\oy\k\Z$|ioiEEU,\\*4\B$\\r\%\0\FXع\Y S\\?s\ę\rM\nEV\\\\ep[\D!\\3\t\ڳ\\ݲ\\h]UM&D4E \2\\®gU&\\˸\hT_db&1\Z\Lq\u:\Z\\767\\}\wlm\=λ~p\\\\P\)rȂ\1&D\0F\"eB>;5\bQCSeH&@p\0ƈ@\K\u\\Bv\\TTU#!*8L\\0\pZIgD$+BdcgG\XnQK5922\C\W\}8\\\0\uU]A\\0a*K\"$\0,\\\9\2:\/\9K\G\?+#<۳g(555\=\\\:nnnT*+Wljjڳg\\\\\\}\\0\zk\\'\]X\l[o\r\4\\Z\0\&{m\Lu\\0\\\=99\9eY~Mwtiڌd]]\#<{$I\ׯB\b`-ԬNi:\f\\\\\.T*;zXޮ0ƀ\U\t&/\ܿo\eZ\0\T\.XST,A\Q\#dJ8\\X--M\tFUա\R\A\Ip@d02#!3Bq\K*}/\\Գ\B\\_\r\x\\\}\\\r\\1L)+ :\U&\\\xH,jF®mKDj\PW\-4L\\7|\JOO3ʈ$u\t\x~\{/\0\\osO\YB\<¸ApL\!\"3$Q0\ր\L\s\.E@U,f\gn\KeT˖SSX/qǥgێܱ,\iT\\Eǲ\L>\J\r]	c\c\\ f^\ܻC\ \0\0{>\ѱ`|j\\kjib\0\Q)\\"BH\	!\0\0\q\0 \ \r\0^\\\j\p\r5\\JF\\ƍ)mS\\0\0 \0IDAT\\'ONOOwww+2==ܖk֮!D\}_=\\0!,\\LJjf$3L\o\\\0\n\0	a	1!ħ>\<R\\\\\\\\0c6ڳg\9gC0\u=ɨ*Ee\\\*\0[l\}\\7X\"\!2\vjyŀuK},BU\ϧ>a$IFw\ۼp\\\\x ˛	cE]We(LAd\S3\y$)+VB{\\\\C\\\@7IQ YD8\0c	ŀt,\kը.}\<t\8u\{\O\\<E+?῾i+\u$&Dp*\"\ܳ9uet\l]\\\oݲe\9k/\pj\)=d\g_\_\\\\Abaj\\ZjYkk\\M\Ʀd}}.\Z	Z>s!*1b4]	iƱ,$\	cDC` l* USuUӰ\mߪT=N%Yf@c\q`\u\\\UdYȯX\g\g `d	$ͤ\Y*|\\\0\׿\+6\\~\_=\\C;_xՃH\q\0!8!\ʀdP\a\\<O%xMe{v\\l\on\\\eeN[=qZ\\<\\_\c1J\\Mcǎt:=>>\\\\jkkZZZ\3X(XVT.u\\\cE#_y5e\!_.٘\\}i{\r֡SsH\0z^\#(\y\0dɒ\ǏG\#E\0\u\\\\\\=88x\A\u\\'\\\</`G%\"ɲFǹ뮻\\G>b\0155eYn\\4UdL\\*	YF\.̕V\"\0!k3\\?\۟o}8[\q\5MǄF9ò\\9Lgg\\\\y_ap.\\ǟ\(\0q&\0dECgH*.\D\\Ѷ`u\Omy\\_\-k\\\j,_i\m:\5sd\r\\\_K\\0a\y\[\{0eK~\\\>\O>G|\?g=y\\y\\m	t\سkׁ\}\\s\pU~\y\ï~y,*\\mŧ-	Ҝv\婉\H4]\Ne\\B\-Vt0U<.\\\e>u\G\	!#\$EFQ\Z\rC\\a2\TU\ā i\Z\8%Y!P\"3K~n|Í\~\٧Ե0ΖqFgg\'z\|ߣ> \8B\\jbdYF$BdI\\Peͪ\\\	Up\\Zl\s\QpF8oQj4\\l޼&\\\\{\\\=<<Է,\\nB_\\\0\.\r\\.\"S̛-uRD\ל\e\ݧccօE\n`8=\r\0czz\0!D\Yo\\#655?\\\zcAe|lZ&IJ2\\\\G\p\Ug\n޽Z\"̐ƚ!RV<\\\"C98@@Q\\$ @0AX\UuP$z\?\\*\.\\\	\Q_\ SR#a	\|\\\0PV\\\}W8\09KCg\'^[\\@H\!\q\ZIJd,I\9c\'G\\\7FSg]\\\\\p\\rn\\\n9p(j\Z.@>\{\DT]8\\\\\K;b\ccc߼\΃\\с\hݛ\0#f\\\^\ވ\\m\{`\cs<6d!T\\\t\\۟Gz\8ұMy\P6[\'dgaCU.	\\ng+T7\\Zt6\r	\"(5E\0s+V\\\*W*!(2\3\L\xzђ3SNsKR/\D2nQw\\\cO\\xr)(XQ(A!2s=B\0EUR<Qw\\Q\08wݺT`\tE;q\y¹d뺱Xl``>\q\\!$\\<\0J\0P$\\\\\\\\rǵ\\\2\\\'j\5\j6?<<춭\\\\\\F#`\\\\r\r\rU.f\\;O\4F\\_LFV\RE\43d:y\fM7ݔH$ʍ(\tP(X\\ѣ\xT\nn Mz*\B\0\@>\e3,t\\\J\\r\\w\0\hRᰢ\Z\\!,GTݲm\ԩ\Re}]$c\sq_\0\\@Yy\0Bs	H$\d֎B 0\"Jgq\\\%Ѳl\\'\\_mٰ\Z/m^w\\\=\Y\tO 7_+U%\Cj;>\w\z\k\;\\\nv\\\5gW\\\'&.\\\y\!NA#R\\ϥ]_a\"<svxɯ\0\PŶpTG=@\ԡ\\\o,ђ{\\cT\TJ<zX\DcM]<cU=)hr\ZJY`h\n\'Xj6{\WTI%j┧r\ZGAb?${3\\KW_~َgc-omL\oY\8iz @HS\ٖ%1&\qxb\ZMgi \9z\\p\\\t0\QK$B\\ֱ}\\\\/\rXjjijjl\ʱО;RfQZ-Ap\\װjc۲\".\\\g.\"ͤ\{v\v\0\b4\Z-\Ju<\\3F\n!$DXLUU\\\[WWw\g>5脐t:\n8>942\\\&X\00ߗ*8b&dYTWVXC&	KH\A\L\4Ӟ+*2#B<\ѱ,!\0Y	\\\uX,\\\4>vʱ\C]{\D\\?z]\B!B@L\䯹יb1G	F*\\\\0.j\\\W#6y\_~\U\\]u\5-\ל\W\s>z\"3\Y\,\\tU\\[\?\v]jݥo\mo\0/\s\erj\Z2\fɪ\\D\|XWZV1W\ՙ/0N2rOjy\y5BƓ\t.\M\'\Cn\up\\\\׿\\\Q\V^<ƊDH:<\\\/\18Y׋\g^\V\\\Hk\B%\E\H4Lܳ7Wt\\\`O\`ODCdEK\B 8\0J,+\0F&.4f:\ֶ\\tMw\՞\B\\\<\\F\m۶M\\\\\jz\u\=\\0\C#\\\TP\\KeB $\KۖZ\cHi\UQ@\0T\ $IjR\\\\cǎ\^*^|\\\.lk&8ݻw:uꢋ.Zn\\͛\\Z\F\G\H\ɚ\m۶]}\՝ \x\ٖ-+eYuV*R\\\F1gH0@p\n G(> _\|b!\\0z\1\\r\"\0`32ʙF(E#^I\n	\0\3֍s׬\oG)w\킠\^?  @\q\@1 	\We|$\0\3\suU\=+ZhO\rL\\R\\	}t\U\Je\\\u\y\\ejWs\yg\\\e	<]NdwR\n\\\Ӂ,Xu\=raQm\\#\ڔ\\\\Z\"̎\\k&\aUu0L\0\"\\0/NťmՔt\\$?d\r\\\\uyTq\\\\6~\mQ\0\nZ0\\&		\ZCG^y\ӟ-\J\u弄G\#[\ܵ0F\}̪ml\nlשVlߩ_SʹG9+\O|\o\j8l菅Cc[tMF)a&HS\SJ\0\\\0Z(\\\/\\\\dt\)\\16w~\޽ǎ#\\z\Ap\\ݻwB,X0<<\>\e\@	ɴY	\\\h0U\\Z[\0\0匁\"!8\.\f\\c\\0`);w\|\\\Z\Z\ZP\um\\\\\|>M\\n\ŲUz\\r\\n³_T*J%3dV\JbFs\\}3KXժ+<L!9\P\	|L\J\H@B@AJ\u]D$\z\2GD)`X\N\0BڞW\\:ĹA\iB3_&JeU圇C!HBc\\g\\ǯJXa\q\9\"V4r\K\ʳ\ƒ\pL\p\'_ʿp\e5+-\\\$\ZSvkJm\n\فc=H}*i,LՋ\0ȕD\#\n:@\\\\\\\[ޱtY\8BH,P(d\Z\\%\0+\\\)^oR)Ǩ)f^.Mg\\D1u\D|et\.#\7\/d\C١ժd*\*+%x\\+\.\͟<\nIO)\\\\\\\\gm=g\\ݣ\$ĳ`H\J\N\A\"\/\\4pr(\,?g\\w\{v\ʨa\\C\$\{\a\B \n`\\٫\\76\di\gû]3\\\\\\\r\ޜ\\yKPs\Ν;\r\\\\jnn\/~lٲJ\\׷~rl۶\8_q\vlEVN\\r\\"Q]\\\(M4\͔\L\\\ \\\糭tP\5k.]:888<<\\֖\d\hmmm>5k֔\\{\\'{\n\]{2W\\1{^\ٶ\~{{\\TXB\)@\J\#1FaBg2`L8	Et\+\!`\c\8&2p!a#{x\"5\0@\0\\LZ5Ms\+ \^)Ji=\74LMM)0\}k\Z!DQT\RYqL$t%w=7$z:+\bьD Jm\\z\\t\\\M\\\ֆ\\\\c1S\"&\[N\\H2_T\mm-L\\\\o\\'\kk\<k*L!\\-\ǣ.(\0P\\\-\r\r#\\\RUŵS˸\R2@R\\<a\x\\mv\\ݵ\ې\\	\\Bb_i̇\Ư\:z\57l޲e}\\ܚ7;5:\Z6C/哟H\\\\\˟\\l}bUxi\\u\Z!\\\qwL\\4]3LdUfHed!b	\\W\	\D\\6\@H\\(\gse\\\y 2s]7JR2ad\l6\\\x\\\ٝ	#MӖ.Y\o\v\";<\	\i\\ඞ\\\\3:\3\\\H\\\\n\08u\\\\\\;＠e߾}555\\\M\Mu|^ӵUl۞\u}6JR*|\\u]Ӵ\\N\\O8(Uu\\\b(IeTA0Aca\O\u!\01>OxO\D\\\p$\0\`B5t\0(drG\,\\ſYM\7gU\\qi\Uq&I\#aD$P\\!=cd\rMBQ\tSWAQUc(R\\J\\=jeNI/!\{֊K,BrKC\\/\\{\\\\\H{\\\'\4\᪷u\8\\0\U%\\\(\G.8\)\0p\r\\}\祢+d\$Ʌ]]\\	22:\\޻]\\ۗ\w~2\dnjo\:\\r-\\{3\0N3\\\7\0C\"V\\?̵M\yg}\\WT\\7\\Xhq<+ۖ\\\\	0\\Daf{3\e{Œ媦q\b1\\"\n\0\"B@F:\\\)_ݻ̌K\\ej~\W\\\\\\\'\g\ɠA&\˺\\\0\\\\RTMMMZ֤j\0\0rǷ]\]]]>\#II9c\\\0cǎϟ8q\\.W\|>O)Va$ɋ.h\\P\S~X,\b+Vs\9/\8NP@\቉	\ql\f	J<44\\\_.+mٶeJ%˶#Tp1qRBPJ)$!5dp\0\\0\> !\p)E\0.x0K\\0|ZV\[~\+-\\oh\r\0D\4MJ)\<hq\\\\n\>\n`(\g\0,Ѵ\\\5,\	\a\Wa8i	ݙ<wi)\Z:<:Ww\\;rl\=µW]\km,\\KGgv\ԣtՑ\V<\e\"#a\0f\0\zsJpy{{g\vl\\2\sV\C)Ra64-\^\uw?\1\~L(\"?\S\\\\t-\\G\{ߺ\\k߼%\u5\\\\[o\\\d*F0D@\\\\|\r\0l2_\$3n\	\X\"%yX`Mn\\0051	\0׽\\\Ӝnp\\џv\'\\?Ga\\3\yφ-\\t:]TE\\\9r\\0\\\eY۶\\2\\4\\\n\0(tat\\\Z*XDk\0xh3\\\~0&\Z2Ms\\\v\\	\u+ʶmۮ暚{\\\}}}\h\\\oꪫ\\x<\zGG\0\\+riYV\0\r9!i㥔^Z\4\\,˪VI\.BH\"dfe.Fq\"@\rW\8\n\	Blfc,0\|\T)g`@\\\a\0!3=\f#H@[\\\\\fwR\q۶BQ\úaD}\Z70\@D\+~|?$!3OWJ\$MIH2\-\\u%\\\k@\T>֐H{\տ=kW9c\\\=\ps˻^\0pϥ\nz^Q՟\\\MUHa*L8*q\\<Z&$\0\n\f5\L\׍\C\=\N|\>\rIMͻ\C\\\x\0\0Ȑ좆\=w<\_\S\ܠ\{\\\\~\C\0\7\\$u\\H׿\0\ٿhͺ\~o\_\'8^\\\N6\'>q窪\d8\"ISS\#Cܧ	c.8B\\"\(pA	s@\0 8=\0\ݳu\\0\Fj7\\K\\\m\\q0X{\0GG]s\5v\J&\ʒ%K*\nƘR\t\2\0`BaE+OiMVp2.\0$\"/\0\\75 )\0	\A|\W_}5\,_\\C=\\\\\\VSSs\\k\K.)?\O:;;\9BD\"W\\0}}ߏD\"ǎSUZu]gMMMɲiiP(p@A>\'@ \0PBe,~P\>	\Tm6nW\\\zB\Д㩪\(\IjY+\\\\\\\8窪rie\\H/p\c*Ās\II\"!?\u\Ђ:$h26pâ4\-N$	!!L$۹\m\\r>\0\\\\\'v\\0=	\\Y\\\\'FVv-\O\\\/;,j\rW@\5C\Jga-U_\ԧ0A\r\\\]԰d:\\n9\;\\>84jپ)\Vw\?ŏ[Cg4/\p\\\q\\qWsW_\W\\\?\۞}\ɞ=Cӧ#\?\\\>\˻^y\\H61\\qTt]O\5۶\0|xTwI\\}YאDR\0HR22\0\\\όO\\Z1s/\\O96W\0 σhL7ny \\㾾\r6?~رcD\\\#c]׳\\bm۹\\\\0\v4]+5Gh\w=\grH\0\0	֖(8{r\R7\t\MR\\\r\\/\\\^x\\h\\\\\\M\|߿jժㄐW_}\\nSTexx`E7mڴd\\uCP6	\CӴC)\\r\0C#\0c\8ǁ\\0\\!B8mK\5,\\xLp<\q\ܢE3Yifo\\@c(Jss\\ɓa $YXV$&\\(5BfX\\H\3\0È! IL]]\.!qa`\#Jaˈa\"e|4ӨKFM\ǎv.]L\0v\\0\\\u3]\{\0;\jm|=CH\\\0\0 \0IDAT孻\\\dJz$\")\"ǂG?\r\O\X@!x4<GEP!$\6idJ\)-Ox&!(x]..d\\ߒ\ֽ\\ђ_\0[:}\~Ϸ?}\]\,\H\\0s\.\0:i\\0]}\E/X6sFs\\\\߾ȃ?*-	4\{\ܾ\[Ϫ]\\\\i]pzGvoܝ>r\Cw\zվ[$g\\#綵}\\'78c\C\\\\ЁNmU\\\\\mJ遞^\\b\qmS\\\\!ĉm{r(8L\&Bќ\a\\AI	!ÒB  {\\\/\\v*b\{\AO\_,\Ԥo\\p\n\}\{zO<`PwwW,\\\H$16\4iM\0 \r\\y\'\V\0\0\:\\\]\\yR\BX\]w]www<?z\\y\\ƍw\\q饗ۿ[KK\0<\\/\RCCC[nR\\\\\u\|\4\\^{\董ӧOWy\".*\\R\4c\N\H\tj5	\0Ʌ$HJ\0cehH\\[2lD0l\\\\+) |US1c\}RY\\\5R?\\\H	<Q&PQMK# 1TG\4&cBFÙф	BRJ\ҩ?\|$~\\\k//E^\%\\\TW\\\\36\\q(_\v)\\\nܸ}\\\BA\0طc?\0Xa3\\hz\\&\{{Iv\Iu\\][\=T_S] ׵.h~ꍇ\\o\\Hi\9._>sI#\<\d\w\\W@m\\M^,+\Z:\\5\0002\\ߛgҹ\[t\h\Hw_\\Z\2\n\N(\0zlp\H,\\~o-]J5VB=dy$\Rk a\\]7N\A\\\fe21ݷ\\\ɉ`@:p:U#©x\q\\\0\0{\\\b###jnn,k\\3\\\\\\\\s\lXee\pچ\\\\\˩N\x\@w>\J¦\"\\\\h>W\r3\xiӦMMMM<\\wܡ2WJ\%KV^\o\'Xb\\w\=88\\u\E\\gq\\SME\b6\':\\\J0\BJ5\\uN2<3+\!*1	Hb\0@RJƄP5\0JF8E,|o S?R*▖ \l\4-\+iB\n!\ Q!\)\0\a.+8e!t*C $-!&\ÚUV-9\\\	R\hP|\o~\0<\_򲽳疋\\r\\~\\N^(mlf$3\tӚ\0\\[[7\\O>u\0<\\r\Q;7%;\\ \X	sr\\Ή\\"\u\hM`&\{\\;\ICV\ɑ\%\\:wnxf\ҲV\ȣ\\0@ssg\\\\u?\8N}}=&X\0>TUV^RYF\$Nļ\d2♠P溫𿽼c\V4	B0\AJ!\\0k\0B\vN\\<\k{\4+1\\Y(U=B\\3缻{\\\555\p\u\pDUPcl6Bqd]\1	AX\\ \Tj,\</ϧ\\\\\\\\\q۶M6o޼ŋϟ?	\0?\sw\u\\O?\#y\g\\\u\\۷?\\,\\|\\9s\\UQYy\W_\x:\\>p\ٚ\:XR\:N\\=\m	\7.LH)9H!` 	\X\\'a\01\\0p\С\8\\\Uh]\\a755E\"^PA	ń!Z\0(\15a\sΐ! F%H]&5\-\kf\0%\\\rk\Wa咅\r\Hͷ\ή>\\\_^Z_\{N\@;\\^MK\5\z\;b\\\\R\\?t\\\\NG\\(\k\FGFp]]ӴڙQ+2\\g\Ymun1Q\kN\\\\dV0)\eE 밃\\f͖Mo21F4\4mڼ˪*C\heY\̖XĶMMrVQ\Z\ZH8$\n.\\'\W-f\\\\\PI\H yV>s@\6\0-)\8)\\\).\dW\"(&\0\,\\}U\\\*3gvcc\oYWW\\ޞ3\>3\1PJKK\\\\0=\0\\n[X\H\0F4FJ\0Ʈ\ATlt]Ws\ZR\Ri\\/lYV{{{(\\;x\\\?\\GFFB_|\Ν;\\z\R\իW#֯_\0Y3\Z\u\\?IYUճ\0<\\_$cB8i\,ȔQG\\jy2MqN\0\0\\nL]\1 @JF1׀84M\[D+JUUT\\{\\!,\F\"9s\\ر\4Ms=O7Bf\VI4H=!BR\rS0F(D2$HJB\ \G!9ո\3\ ?x\;>l\r;\=\\0^%\gͺd\}C\\]\\?U\0ue\vC\c3̎;oܝ͟?sι\\[O\\0z\Kotj߉\_\U[VRQ4/Z\0\Ϩ\}W\\s8g\ܭ\\9\O\\\K\\|\\/8Z\K\\\_l\\]-6\r\u]Ӳ/BѸ\<J`K5\V\\\j3\pnr\\\$\\^\u\\n\I{\Jf7\3Y\\0\\s\W\7\\<>\T5ⴤPUJNSQL\\0\N\\2>>(uu\1Q$\\\\r\\\)mۮ[,+\Z\\\\04ynA7P(4Nw\G\\\qbBJJJ\E+	!\\\\<Oef\.iHD\\\\o}\\\'|\\o\\\q\s\̙3y\\03gNMM\SO=\ꫯ\KJ\0`Bt\\FG\~\_|\\c\\YI)B(bZ\$QPB\͢\0\8\\\vScӀsDH\"\RrɹcBi`ƙ\Bp\Ec\\I\_Ȥ.E8?8纮c|\7-aD\0\JJr U\*7U\9`\0	D\0!!@!$	3-˲fϞ%8\\QWW\0;v\\0\\\&lԫѢ\\*\pd\0F\0-C\\\\}\\\\\\ŋ\/]}\u\lj^K\w^\00\\\\lh\v\#\\ы`!\ZIoۺ\Ѓ\x\\\\W5~\@Gim\6{\?z\*\\\\C\%\yVR \\\\"$1\آ\ܖ\\\'{3\\\MeUP`̃so$~\o\햲fP\6mBa\|fӦ7>\\-Z*D\\\zڤd:\\dqbJg/K;Nep*އ*\տ߶m\0c\ә\\֖\f(\2L*56\\\0m\\\9\-\*\2Lx&A #W\ZSt;u0+Wܵk׶m\\\7QRR\d\͛w\ĉYf577o޼ȑ#\<\\\\r*\=\\p$\0q\\򓟼\λ\\\\\[VV\y\-_$\g#H8\\r\rT}JEPC\\?x\\\~\b\rfv.ks\\\TNQ\0 \$\$B#0`$D8gj8I\[V\\P%%%\ۦ8qB]=\%%\\\6+0E\0\a\\\#%Hz]AbIZ	0F1&p1\\\7{\\\\\\>k\\]jnѲe\M\hHT5\[ܼ\r`k\\|>_]]\\0]v\ۮ|!\-mj\i>c\lo\\\\x\ڿ[t\\d\K\1\$-\Z-\Z\M% \\|\zeyE\0%`͚_ݸa\B]ו\n\n!	\n\\9\5թ\\4\I׵8\?\\0\CvG\abb\:X\\o\)!5B2\n,\]\\ =\r\o NWS@8\W]s6\\\\\\\\\\\ZǏ预4448\\&\\rA+++\|e\yBB\\\ƀi\bKU \\d)J+++,\\\/F\\0\\{\_\W X|yEE\O<97-\?kI\㽽\G~tO\\=\lڴ$\Z\\T\T۶\r\0\\\r9+뎌dY)ic\2M˪\\\p\7/^z\\|\\X\aH#PS\"\Z\r\0\0\0\4-\,.6\{ڶm\\-++Fv\\}?A\0cB\B\\)f\0NY\\"\F0FR*yU\8m\91s\\o\?<{9u0/\Kᆹ\?_dΪ_x\\\ۀiZ\R\',K\\ (\\\\tzd}c}Se\\7N\r\\	 \\px<y\\ʲ\m\wy\KV_\`4cZ\\r\ڊP\P񥗮@|	!\0\\\Ji\;?D\0\\\\C\\oK\@6V@K\pH\"\0\\Q/o|\>\0\\>>\\\\\7\rAO\\q\?\k) ͌P%@R\x<>>>>44\n\\Dbhp0\74\\	O%O\0`\0\\9?\#n\0\{\\\ڔ`\\X֘:\X*F\r\r\r_\{\L&nݺ\}\{\o֮];88\;q\DkkkKKeY\\'=\KR\d\\/\0Pz<\\O\\\t>\\\\\ޞu5\\q0qww\ɓ\'\1\\J\rZ\\\HUur\\>SMzykT3ƘS\"0\Rr!\zl\0Ø,\\++b5*t]?\'6xǉDs\0\je4(N߂LН\\Dc<::Z^YaC\zzL\\\ܷ\_P5L;I\\\0Н\+_\\{`({\ |\\\\EUVVjժ_~\0\\3\\җ\h\\\r3چѭJW\]|Ɇ^<\=t\\6\\7\z\\\\0]Uׯ9o\O\k|~\\.\\#\\c\\ٳB\\\\3g\\4q\Uƌ\0!	aI#y$d\0@kP|\?\\󹿣\2(\Y\@k\\\\\.@L\\0@y6\Z[k\^\0ǘ	ӊT3A\&۪b2N\N\\v\\\\\_t\E\\\ a``\g (\-Ӝ1!9纡B\P\z$!4jE\YM\uU,U\\L&\\aMq(\rihmmݾ}\_\\\w\\g?\\>q\\\\K/;w\+Z[[7o\|\\r7\v\m{\\]jա\\/\\}\\r\\ \u\\Y\+\\\qRTVV\b1Ji$\4MM*WS\0\\2\" \\SU^\{>%\\LI\}D11I!\\r]0 $\(\e+L5M\+#\᩽E\۶=gΜ\\\t:u26MӶm\'bB	\\J)U\\Ŀ\4-\00Xv(ڽ{̟={ޢc\\>\_\\o\p\\0םkQM\dB\\\X\\\\Aq\u\\W\?\K_F	[T]-f\֭[R\0\m\.;\\V\\h\T噇n\\\g\u\0X\\rp0\fJ]attt\ܹRJ˲\'oKD\h,\D\$D\\t\Փ\S?Q\\r\ޙ/-\cP({uьl2E\'rN\\0.\b\0ڋ9Uc\\We\\(j\r\O\ߔ%\N\zgF(\+xM\l\\"\nn&FX\n&\PܫJ\̼d\\\5M\0\)j=*H\\|TBիW\O<\DSS\ҥK\\\o\<O\\\\ן{\mmm\h4\\r\\\/~\\\\s\8\/8r\\-\\\??\\\r\\\\\\\pӍ\\\ 6\\\}ŚASi~`\YT\\0)5.8H\s3\ZFhM\\^ui@Q^\|׊o/6Y9\j$\\T*566V(ǡiD\tM\4!D\\\'\\0F+*-BV4zWp!\04B\K?\\Z\Z\d\=k֌\r]#On.y5\0߸\=28\ن^G\u\\\\pKuu.\;GGGұуy\UxF׶cv\"\\\ޑ\β9\\0 #ۨZqƕO<\0p \`O[}.n\r\0N!\0W5!	C\p\8ӧO\\jkk p]ລx\"EcQ\\aM\'\0w\9\7_s}S\\\EuLJf	)}vvxR\".z\\\0BD\t\goW2\U\,\?J\\[R\0R=L	5*k)\\\\u\\r\\\iƌ3L\Tӄǎ\|~d$\9K$G#N)z,Q\Z\\<B	\0DCfL< \Zf\nO#\M\\<!D1!\\ڞz\+V\\s\5\h\?k\\\W]]x\\={\|\߭\\\뮻\\\\\s\\\?:p\Uf͞=g\쫯Z\\\n\\.Ujتdyg\\bb\.B)tM\\\\0,H. L\B4M]ؑdR݂\՞@qy\<~2(G\\\\t.S9---mmU\ՉDi$6Cmw\JK+**D4\Zm;\\\\\\ꪪ\\\\\2B\j\X\eO\\6446\r&J*U\r0w%b\\Z7\00{\\-\Ylق4mb\oG\\r\cå\'[\T\G:\n\ikcYs\\0\hÂl\\fU1\/޻wo[[ی3\\];y\m7\\r\"]K\0\ؚ>m\9+n\\N6*5B:\2١\\H$ \\;\0\0\\\0<>\ޖL\\0 N5t\AC!o+Lބ\S\)\TF8\WiT5Rc\4\\'N\n\2[gmٲ%\f.\}_$\m՘\\0`g\\O\w]7\G?\\'|TU\\M,MF?\\'\}\M7\亮b׮]\\{\u\֮]\\\\\\\\\\{ｷS\ʕ+\ѣGgΜJ\\J\\r\0\\Bsg \QPPHg\\\؎a.`B5J\Bs\/L&\0D@eY\\\_N\\ҫ\$P\0\'*uRU \&\B$\u/\\7uò-h?~\K.^u\\g\\\\\ͻ\4\Im\],\\\\\\/<v\+96:V\8\\rX\\\Hx\߾r\\ӧ\f53\\\\{\\Mu1\+`Sp)\hHJrȡ_\\_\\f\"54 \2\yHp\h$\4MUuuu]]\+r\&\7\8ڱs\\\Z\\7v\5\\GՒ\\pm}YΑwKK	gG\\M/+?A\0\\\\\0[0MPy\0\!B\Jdu\\/<E9\<\0H\k\S1Nş\6%rll,J]{Svuu&ɲ\	\SO\\\@HjX=\\\\O~\.\>~\]\կ~5N+g}RE[N\+K\\\\\o=ǖN3\T\k_\W򕶶^xkƌ3g\\\naf\Z`AyEEss\\ࠦieee\Ο\\BL\\tMJ\nR\n#$$%\0N N\LbJ}.!aL(#B(	L(!0i\0\s\$\0O]<\0\0 \0IDATNf\\?\֣\T_!8\rBc|>`LH\\<\c>1\XD\0R\B.82\1蘒Hr\\\!\\\^\XHX9zX\\'[\\n\\gn\\"OFiC\ÌʪJ\4\fh,\0c;z\#}\\\r{_$:`^p,\rQ*/gb\ҿ\/n\G\D\\'G8BBbB0y\0K/	<׮]\Nj\\%Kr]91vuoo-(\+\y,dyV&Rt\'CZ\\0G\"\TF]X\\\00{\\ɷ@  	ҧ2\0$BrBr12b\\7I@@\\S5\)©xK*#4\\ѣCCC\\rq6K3\h4JQJ%@QGc\f@\5A\0\"4LW\\\G\\\\㟬l<*\\)\i\~>PVK\.\\\o\'D\";\\k_Z6mnn^~\W_F\\\\͛~\\}\s\\\*++;::\pd\"hllTZR:\9g\\ʋX\"\"$0\ 	\0\r$$>\@e1\\%Ҩ\Q\`j\Z\9\09֡NaѢ\K\04Ő6=E~ѭq\q\\I!1;e+\0HH\"<7\\3:E\\\'\n)Ҽ\F\0\W\\+\35MӖ/\\\\fGv3\v\\;nG\0\;y\\*c\Ch?A[\L;d|\0\Zg\dȨp7OK\Huq-\2눉\~\ˮ@\\\0P\Eie-\\\ר\#I)P$1,R#T\;Yoﾾ~\0l0Y \n\0:\009\\\x	G\\5-Ƥ\E	/	|\Hزy\>t\Yg\r\0N>]/q K\X>a!\\\'Bb\0D0&\BrB`\0H\netuL ৼ*\\\Ԓ5S\>\*\Բ\\\>Ǉ\\\B{\\9q\\\4M!\6B!΁\	?6\\]ݷ\r˙gy\E\w\}zꩧ\\\\f\\"Lb7MS\u˲&hYYYoo\\_\<\=zt\niժU?\O\9\d2D-Z\裏Ξ=R:444<<\9D\"JԦ*\\4C\u\A\R:\\Z\ľñhƄ\0@(b!)m\\|<	\b\8ń3F	]]]\0@)>\s5@\\\"c\=\Oq\\)d\W\0)Nq0&\4:ɤ\HJ!uL?\\Ʀ\s\O\~\\UW^\\W\\\!+g5{\\+V\\x\}\\G?v\r\0yBztHy\D\".@5\\\\0kl\K\r\jj\\\SW؆\4jئ?\ȣ\r\Z.\Ap)](\0\8H_\n&%\\^y\\-oټ\*\Գ\@o\\-\V\neU\r<>\.\'Նt\?-;tӧ~\0\\\>\\i0ZcLX!4\a۶K\r;0\nz\\\"XĲ-J)ɑd \H1`(\>!\\Ԓ5\#P8\r\n$r\\.\\\\l\\\L&\n\\^U\\0\8A\0Bv\\S==\\'?{\\\im\\\nN۶cœPq\՟U~zR\l6\\\\<\L)\ҥKm\v\-$ũ3g>\|>Wmۦ\05)\\\\x<^\<Oqa(@$(\Z \!Cn0Yk\ \0\A\eq\yl;I9r\0h4\\\89m?\\F Na_qtAR\q\|\\n	!#D6YA_\o<\ݯ}\}\C\\\\\;\6ņ[.=?\O7\\S\" g\r\G{\)I϶\"^L&\\\Xz\\J\<w\\+K\V,\3<u\Љ\\r\[.[Q\\W/\"@W^,\	!O\BA\u\&_\0\0a`4\"Dfou\9\\\\\ƸnnB\\\\Zqj\YC\NK/<.^\dq\X>(\\\EB\ZD\G$\B@\n\\n`T\Y\8)+\0\~jsNm*#©x8WYY\\\\=9{ΜH8\~\hqIR\PJ\0D4\n\ޘct\=\ПD\"qQ\\m\VE\P(ctttpp\رcDb˖-\^{\y\\0===\\ͪ˘\\\l4\Z\4M\u*\[dɫiڌ3\Z\Z\Zjkk]\?q\D>O$uuuX̶m\W\}Q+((\]\ZuD\T\@\4\\ i,`#5]Gl۶=|\1Mx+f\Mh )j\\\'\\\B\n$$rL	>>8x\٫\[s\Kmykuc\WF\8\[tɗ.8\\+å\E[\%Wv\\\\Ǟy\n\0g\%߸E;>1\[\미\:!Ce\n\O\^_\\Ɩ]\KfU\ͭ\\\JT:iw$ͩN	a8\'_\\7;\\Y23>q6\XC5MD\s\ZӡG*L;ɜ\NT\|א\\"TK;\x|``\'D\"B\y~\D!LmR.ΐ\0,(&L\0\0S5˳9kz\"G\\3\B\Z,\0 j\\D?dM\T/Q̇\\\\m\*++áp\ZO$\̸BM]דɤ\\5]C\"hI$A P\r\0\0.\A\Z%+*Z\h[Z\T9!$L\߿ǲ]v\Ν\\|\3\\nݺuժU\L&cYV(\<OY\! D\"\tmϞ=) HTUU?22\\\\~\"\4\Z\XA0)3\\yϧ5tqf\0L#\\=X,\9sE8RYӦM+6\8\\*g\n\\?>\\4\)\]\`0\\}\x$Q6\\\7̹R,Z\0>u\j\0\r\\I\p\\y\.\\;\\\2}\\08\~H7\͛6Ap\\^Kg3\O\0	?y꩛>Q+d\s/tAˌ/\\W<\'?ؖW_\0\/xHJ-\ng:MEBj\\jB\5C^\\s\\T~Kj\\\ѲZjt\>(%\ n7\\<iF(~R=deQBeYd>5#\X#\:G#ca\0 \0\Cp\d\HO~hTÄ\\ZiLk6Uj\s\r@( XP5U©xB5\00T*}\K*	X,d:\ \\\d2\R\f$\Ӵ\u}<Q\Z\\\X\B\jXY\\4Mu\r\\\9\DbΜ9+W\b\nH\\\կ~5\)\bll\qemF!\ET\n\0\|yyy}}}2Rn\p\4͚\\r\\2L{{\555u\\Z!Rr\\L#֟tG\وIuj\\"TK\B(\\\k\0\\\ϟ\P?}<vZ$پw_\&(h\\I)1*zSA@圛.P> \Оx\G^tA\w\	\0QA\0\0\\c|\0`\\"V8\<\0fΛ`^\g̙\0\Z[&^:\~\3fϚ6wV\\G\=\ߵ`ފ}\\'\=wc0	\"`nJ!a\0	5$@d+,\[n}\_\ЕWG\j\Z{\),m\Z\v8Ke.D*\4;ܗ(2\$\\\f\\ޓluHi*K?EA`&\0K\G]?Mz()5UL\\\N\2!c>\\\\n\\0@	~\TL\T\CJY(԰Ĵi\\\\4M3MCqL<ϵl\4u%\\\\)q\$^Y޹\\\c\\(-q\0tĘRT۶\\qcǎuvv2Ɣ襗^i\Z\W:۶m۽{R46MS};v쨭\4-ͪ%^Ixi/E8\}?\ݻh\)qEEEuUU.O&\\\粠\\sfk\08pʎp`T\v\\\\;,\rP\\\\B\\y{\\r\r\\g	!l\\ݷ\=~\[\X  SD1\\\W׷m\\=\ߑq\\V\G\'\֔DM\Z\}\\\0\r\ZQX3Իq\y\0\#Bi\+\\p?\å=\\\{v\\\L`e  p\\g\\b|lSӨ\\n\#B9\@\B7\'6}cƓiv֌cyAs~O7\)^\\i<K>\\\\\}\\^{aڽeee\\1iZ\O<@,(\D\W:>\9\\\n`>zl8\\cB\\B\[ʘ^\>g#)\0$\kt\n\}\neFT.]\\ѡo\nFk\L\\ǚ\Z\l.3ctt\r\qΘf[n^D@׵֜\T)\`~1Ҩf\tP(\[\\\e˖%	ϩ\\+Q\7\|sӦM\~*RJM\\\rw\\\T\y\iŪZCTe\={\,]R(DYI(\L$\jB\\\ƍԲ\ϟ_[W\0;|m!de\\\3\\X蔆e\\\\r%#;L\\\57#\\Mߑ\U\wd_8B\]c\rm\[h\0t\\=⑤iU\v-;TYi6M\ɔp\0\\]C\q!tM\)A\0\\ւ|P\Z6\0\+.z\\\>q\\\ՙ\¡\\:C0B\\\6\Z\|c<  SӐ\\0hD\ZPDh8~\پk/\\\\i\ò,ڼjNa_\x8\獛\r\\r\C\!Jmˢ}}\\\\\W\$\8\\ZM\\0$\H\04lQ\0{\شymԶ=M\n\\TUW\\\\T	\K:Q\0cf1gs@0!a(3S\6\\")\\\\UTTH)b\X*q\\hT	6j\\&\re\\n\\\pf0gmY\\\Ǐ\\\&JӧO_xq8VJ،1f\c5\o|\UL&c\\\ӷo\^RR\\)E\I|uREC͛7hD\\\\\](Ic\rӴ-sf[\\ys<g\[/=~#V@\\C:D#srll,iKO2;BRL!\_z\%\8\\:\\0PE\\OxNv7\\"S4Z^o\rn-iϫ;\ʚv@\J[he\H.VŰ\M\\sBH)\0\\LنmfSj\Z&\/\\r\\%cCc\\W?U\y+j\,\Aʔ\\Z\B\\k\;\RJ\)\Cj.s\\02t.\P\h\\ei\'	mռ|@\`g\ZK\شe\24\&գ\8\0/Y\0?o|\CiMMM~\v;^WWQp]W3$\)1)X\\\-NٰvWB\n\B8Z\`l\\\D-/,/;94\\s\t=_C \0@HNPL\TOA1C\n/XP(N6\X:\\c]\1\l\0v\\\r\0:!i\`\5J\"4ey\)d!p\\\\'1!u\\MK-ѨVL\\mE!Ĳ\۷o۶\\[o\rB|^iIB\\\O\*q,~\dG]וlr>r]w\ҥ/ryyj=*\*B\\ \0qVQ^^y\Z\\:ݽu\\\\#\\\kk	\D\'\X8\\\%PLHiE  I\"dB\l\ƍZee\\|\.g=\Ц\T&e\.@ )	\r\\n^\#?\\A9g\0Zm1H\\8\vh*f}A2\f~,L\\r|Q0\`B\T-7\,\Z\|\\Gk׮\0+>x\s;Q׶e\\\&T\UgBv>Xɇ=\b\Һ:0:\\\Ǫ\.	\0\C%3+O\\s\;\[gDrټX\2lböB?\0\0i#\\\\ꚲx,d\>/ gb@\\\\rr\¿AZ\\T>**㳛z\N\%\e\\)\'3<\ZpVz\\<\\n\\@\Ri\qn.]\\drΜ9!]7LS\g2\Ǐw9r$h4\\\{\0&h\\\h2\"v\\+o\~\\\\M͸\\K.\9\ܼ\\L.\狶	E\'B۷o\?PP(pΕ2gccc,Q\Z!\r.R)**\r\<\K),Xy\f%{\\ZT	)I\3#S\f\Fy$͢]\\B8d[\SS!!ܥQN%aI)¦ކ\r\Jˣ\w~\eD^\VJ\\x\\{\)џP6\߅R$S@X\"\BL+L	D7CQ=lt\\r\\\\\0\٧Pt\BZN\\X\\r#\Z%a,be`\{BI0?\y\Z\cҰGÆi\".(\-0\/\}\5\֩#\\W\\\:iϨk\\\\C\0ɾޗ7\"1`@bWɛ!	4\aXVOgW~t\8rtH\YT,\\\/>3t\\rtNy\0V\\XN![p(\n`Ӧן\z\07w\mw\\0lH\ҙD4Zq\峄a402\%a{\\C\5W6	h\X*m\\\Ȥrd4gV`[΁h&&\Z%z!!ĸBL\N\~FXL8t]oiiTȴ{\\\.W]]CmsN)\\\\0[\ʺ\d>$\\Ӓ\\~\o\\\3\\\\HT\\J%\k۶5Mۿ֭[X\ygc\d\3r(\\P\n׮\VVV\ٳǲ,o)\@DBrؠ\0оqk\]:Se	^\LD5B\\Ca#ceK!y\\\Hx\\YŖ$ew\\L~\\J\Egb\Щymuh\\\0\y~fdL۶q\9\\͂\\ę,\\\y1pIP`\\,h\v\Z\B\\9\&clhT\M\44]}\\ٜ\ŋ<߿\\JJ/\{\H\\Pd\\\e\ͣ亪s\};\\\\\\Vk%ز,\&Ǝ1f/BH!\\p\/$/!𒐗0blc<d[Ʋ,[cK=w\U\p\\i\-\q\k\u\\|\\\\Vj\\3\'gfLgT0K9N\پc!\E}\lL\Vhw~\+`Ț\\|9\rUmxk˵*A8͚\33W\\d	~s\f\0i.\\LRAYP\\0\D,C_V9\p\\q˲\,\0\n#ıE\\nu\\f \ϕx1LZ6BX#Phi\\Jjt%^h\;v:t^k\|!\u{zz&\eT*?~|\\\#\\2Fʂ+\ڑ5u\\0r0\\ZA\1Ś`\d5\0\arZǮ\>|\z\\ޖ\d̘\(3;\\;\|ꩧl\b\rƤ&cBȶm\n\t:=>>\l6MCp\r\\"@\\\\i\\\L\^5P)er.D}X\fRe\9j1]ki\nP#y}\r\0RTOO9ϳ\K\\\*y˪y\7\I\?\\P\,5DKyR\TJEaȉj\\\/]u}Ϻ\KÏGu\\b={kDcq\xc*\\q&k\r=-!I\\BR\ۘ9(\0Rj\0#\g^\\{%\\r\r\oS_\RnZv(\	\7\`co%)\008%\0`\n\jP9>\Zal\0\0 \0IDATmNqp\+p\~4\Y|\\TcV}q\]~q$aK4$9\Ao\f\\\z^\0fl;v6˂sιRR\\\r\zrYGi\Y\\0\8\^9]\\ԜsCYVX\\\B0b,2]+⻽+\\I?gϞ\'|T*U*D\"111\\3\8ST<\\d2ZѨw}\{\\~V\\je*\\\\q5_.TIOWS@\\fG8(45`V<˝<y\\n{\\\n\\n(1mVR\ZA^\d2aD\\v\\W_}\\w\rL&EQ\\|@ji)!\0\\٬\l\\E4:8\\o6\\&H\\\\\\fS)l\J\\0;\\\\SV\\\\\\\֎\2\\tǿf\\h6!\\0RIǲ*\,v\6\ֿz\\v\r`yzv 	|\ZiiJ4\rnjudHP@!\\"dtR\X977gNnϾ\'\n\#\\_z\`\\՛\d*94\\K\\\޾n\+v{Ry\~\כ\\w\ei\6+ub[\9/a%\\P\}?&\\n\>\\\Hd\\ݓɹ\R\\\\\"\0\\w\u\_\0\0	.^V.3\0\R\0\ `Y\Z\\\\$l6RP)\/\t\K(\v\\,\rN\\V\s\3ExXh$5\0!f\Xf%5/K\p,\0袋A\fmG3Еs \'w\\r\0c4\VݥkE^`Űmi@)l\҂\\A:6(x\-\\%q\&9555>>H$\\zۛ\ܴ\+!\\jH1q\\ܯaog\\wЊ`0\SFQ/0If\v*Q*¤1trA0LgYF\\?;h\^y\8kn\e\\\(> _$\0H|\R\|./(E)\\&7\>w\\\2\5\\0(o\0T\^!\\\/.|;\Zx\'t6\\zrB6JZ1L\\F;H$\H) \\0>я~\_0gq\&\0p\0\ox\;\פ\Τ2]\;}\\\~\w\/<[\`I8Sb 0JS	+\aBq$Bv\LY6FQ\Qr\pf\XGHs\\\1\r.\\lK\0\\gv\z|>s.0]!QJ#@e\nM?z\'@.Nx݄G\'B7Z\+\0ԟm`\\h\\i\v\"SH#\\#\dɒ\\\n#\\a+\\\Y0n7\1\.\Zv\ک)\!\\.Aa\"Hg2\ZM\=\\\0\DUZ\J\X\=c-&Z\̖qS\\n+\K)qR\uĩSn\7\\t\Hc\q\\rۿ\\M6\\\\2Ѱ\\Xf֠я\q\,z\\\\\\ڵ\\s7\T2)gYX<\wԏɧ.B\rx\\|iѦLp$\ÛVC\K&PǹB\0n\V\0h67\x\\\\ݿh$\M\[\\J\\n;m\β.Cs̇}n\\ٮ\e8\\1\\ZRj\\\\r\lֱmIGP#m\>-\\+~\gl\t5\'\4\:8=w\\Bt!\ҩHB~I)e\'\Yc\|>L&\\F\0\\\kBoھ\ǟ\D\\K\>:ٗJD+(/\2Lu\̜\rY\'ᲄ뤒v\|_\M8\Z\HIq=\5i[\N\!LAZLʼu\]w\w\G}\\\u\0\JsΓ\$(%Rl˂(F%L\ґ\\(\\z\5hN\c\'fr\\\Q+e rmKVWOK\1\Ԣ+\\\n#\\\n!L\\Zh4\Z\\\8{\'\0ZJ\B\0RZ\nŉCqw\\┗\\tPSł\ɘKc\\as5mY\J\|\;{\\4c(\0p1f\S\\\\ONN\ZؙK\\\\&4@bؘ\O:555eD2V Vd1\\ݎBT!K-Y\ ]j!I\lwJ*L\:\\?\\Pdxxx?{!זmN|.|qLɊ\"ih\&\\0؆\ZMcXӵ\w\X\˗\MO6~\\O\=Mѽ\'\/o\/=x\\\\w=|\\B2L\坿ɿ\\ϟ9\eY\\\=\\{\w\;ܲq\Ʈ.\\'7o\\0\cg\j߅\/\9\\\()\]97\:vZi#\p\	\"hi^T)^SYgxۺ65Uw)qyQ\ꫯn\\>\]vmQYf\\.\#S\\RP\rǒW\!\\6B\nRI\Zr\\z\r\\zK\\0qĠ!LU_YSWp%^\2!X\x\k1\lNMM)&&&\n\\.k\,\0\?_\0\؎\ܯV\\\hP\籣\G -L@)!DƱ\,\bRJBI_\W\\\z\q53F\\\y\\w\e]\0\tzfff:\x`Ɏc!DXuɥ\k]\ne1\\w\ta\\\àoxЯ\0 \v8\ʭ	D\n\̲$\0\\0\\s\\w/%I(msA8_\{ lj?AI\Fe\\e\p\GRV\ru\j\r&<Q\NQzL\[?\\\mz\g\\\\\ۿx~h\L]_ZM5d\\w\re\\x;HE	\o\\w\\=\oX\\r7lڴ\ӟ\UW]u\\ڶ]*Vݴ!짞>\0DɥRDk\#\]z&!4\jL&I\Kإ0!\QCӳYd\\Z\s3\]nU\ղ1\@1\=1\\\7\\0x\[\~\쟄μr\%lS\nU>M8\PX+Fg%I9M%\'\\e+]\\\\P\r\"Ų\\(\@\Rq)\0(!c\0\JjtW\\\iV\n\\\\4\Z1&o@2b\x	U\~\āJ\S\DӋt1\%!BJD༫P\ꫯ[\Zn\\"d:\Mn0\NOO8qb\\\\0JJRgA\'tb	tu!\0Bz_o\Ν;\\>m\R)!D@q\\be\\f\Un\0baYN652%\"M{J)X\"\\|\oF\\(z\_m$VMU\\Z\e\M\>\,_\o\\g\'ԛ\rs\\n\A}hE\x\Vk\}\/\\\oΗ\{/Y_cA\\\W]{7:D{Vo\\׳~,$f/\\5ѽ~\WUoxzK!\\鳢\0\w{\\QC\\r^OxnWWW\"N\\#lӏ8ݽ|Q\Z2k_w\\F{K)+Z\,N\ڤIhƉ\\tؚz\\\e)I8k17\2\0\\	ϛ3\\}\}\_6\'A\\όo4]\n)TJh$`al#Rf\Ј-_@\6]GJ\'\L\'\/o{ݓNu \7[cUڶ\\n!B1K\\\\xy=	\0&&&N>\f]\5\\>}\\\\\d2\A\n\[!Jڹ\Z\X१\bQ\\! 乞\\\\[>\{\\ݱc\qt\,\:y\\;\3\2\*ʹv,Ͼ$єK8\Di\7[7m[\\I/J*m\\\}HT\z%Hb\rCC\\"#JQ\\\r\\Â!К(A\0\\\\ka.\"ַLpIɶ\\\}\\r6a=q{\s5\\\\h-uL+TVʦ\6\ZՖB\k\\r\m_oky5M6dX\KCƫC8SryTx\C¥\ZUh5\\{\\?hBf͚B@)=y&Xt\rgWxI\\\\\?zVn\Ȇ\0ףF\U]c\_v{\6Z=6\Fk{\M#k.ٲ\=VK[a+C XJEI\'S)7\\0n\_z\n)\\\6/T*RJ!eYZZ\rIR(@k0$RK\~K+]i\ͦ\_\0l\\\\\\\>F\AD\\\\\ڣSs6&@\\n(`\0\r#4~e9\\S^\xf\_\|\V˲,˲|߯\\\}pp0h333f.\;\ۏ\pҶ\\\Z\\\_w\gaܯ	Q\ZO?=շ\񘅡j\\c\SW\\~ɕW^\l6|\7\'й16iǏ\\\j\\\\jP(m\	1N\8F\0iN!!\\K.\\{\t\t+!bӶS92\\o\-y\J؎M][V|\'\~$\\ޢ\n-	hl\0||dtt\\xڵ\\r@:5,c\X\w\|\u\;e jX\3um۹\\,\Zs\2,\\\epM\\[I9Y!tRr\_{\&QGSE\\:d`G~R\tbr^\PA\n\nMFQq~o\\WKBTKm\LO\q<42n|\\b\\7er}\\ޮ\\.83w\oz\R=k3jF#\0\c8LRF\%Of:\\׼\5 \\\B\-.l۶\?X\\z޾9#@VZ\\	 %(v)mgSs8\\\T\\\j\@T\Ż\_ڡ\\rpϩ\'{\Z\\&3\\wx\Gw]\גB\жED\0\|Xa+\2\B\x\\^\y^ZVfiz\s\\\wTJ\2\\t\vVY]\\H\IA&q,g\\\R\\\"\B|\ox\^u\Jl\1m0Ʀ\\yx\\rz\~]@\&{%d\Z@\:\lz\\\r?\} \x\0\-E\\\\"\\#vS\ hY\n9\\EHψf~\o\d˸\O\tw\~\oA\2j\\v\Q\\gfjt\E\"\Tc\F\\\ \u\nڶ-\\\\\{\碜˻S|0#G\x$GG\lwN\f\\Z\l)!L%\(.K\0P\\\\^\0(\f\󼁁\Ǐ3Ƃ0\\\;~\\\\	\K\*\\w\p\\\չd\c\nRJq)V\n4Jk(\"\t6L\d:fq\\\_a\\\|8\\\k?\\\\O<l{yBBM\#:\L\n&\#ï\\r6󋯼暿\\+ݛnx\X;\[\\40\7\\\\Z۾($V\H#XzXxYPk\l6`ll\\/T*G\Z;388hX\0\آ\0\*\0`J6\\\DHR=\\\\ly\Я~\N(\V+\Bh\r\Zu\\(G0S)wjjR\Ɋ\u\ngRڈE\B0lA\\8\\U\\'Vw{\gV\\G\D*	\0Q+5x\Z&\V\s!:n2i%\0\\\wժUq{\\u\mC\\\*;\rS\\j鴏\4\Z~\&N\'y>\09\S\\(V\Z_3eC;\3\|g?\\}Oɡ|ԟ\f\Zb!\)(I\ͥ2l6L:EBJ\cFH\Z={\?~\p\V588hY֙3gDw\ԩJ20\?11aY,L!?\\#dگ\٧\r\ZΥ\cQ@	a0B<\K\'Sc\\\\M&\0={\^ʦo\۲a\83\0\{\}\WU\0h4\Z\vqwҦdf3B1VhI\n\6\w\\\\f|Ҍ\ì\b\\d}\ܳ\\gs$sNzJ:$J\o\K<\#A\Z\\+\\+@/kC\A\0\7\lrA\_Բ(<\\\\\R\nRV\0\e\A\G\'\>r\m[PO2}b!\r<P\Sp\"\t*\8I\Kzs\q|ߟ\Z\Z2-\J0\s\˲\\0pΕ\R\\Hk\n+\ٱm7\?\G\Ɠw?0\ͦ҃#-%\")\'Jl\-?M\n;\հ{@0\0\O||nnc\\\'?\	\\\\l6ժ![\?2Xϝ\B)v\nd\?ꄺ\\:Y\yt1a0\btl\\\\\s\rZ#$8\\S\\\L]>R1ñE\&	\D3?\0\"s)Rr.9\\Z\7}``R<x\\}J\\\\ĉCCCZ뙙\\\UVZ*\%n\!\~\\U=\|\\	\\\{\\\\2v	b1[\>\\|:f\\;\s\\\ȪJRV4\\\\00l\\_\9\0`F\EZ1xm\\\\o\V\7\\w}\\r7\ܝF:\DC2TJ6\nc\-$\œ,\\n a+\\ӺR\y\\Sr\'Jt\0\K̊hY\\Ԕm\6l\\thx\\LIFxǟ}\.OyV*\[׌\2ܕ>\SVBp\[Z\\c\j}\\e\VH)-\w\u\\7\lO\\\w\\\\\\\`ǈ\r\"b&2\\\rs\я\\ʎ\\'J0Jm	p\Lu&y\\\\\ԣ \H\\*\0(}ë{z\\\\\\'\lZr\\vms\0Q\=\u^Sm\^H\&|m\Bt;L8\N\.\\j\0\ZH@H`\yb\1\"\AKpαXf\0ҊF2\D\'(\"`FRB(B,/B@1~\{\\\\0B$\ Xnݙ3g*J&\\\B\/,ؔ8Ö\j	\"\r\0ЕI^=s\\\\\\WOP`ݨ\9r\\RJz{{ \ja\Z~>y\g?f\|sS\y{|\Z5-\r\Z0\0Z(\E+L;i!k\\/.U\Jb~|\n:\m\&\|8V\(m\Y3X(?~,\YݿxȆ~!2J\Y/?V\2?g\\m\Fb\\\\\~\Zbd)ҭ۶;zT)\f\:zp\k__^(tOMM\zwpp\g<m\FLqTNП\\\	\7[A\\\\tqh]\=r\\\r7\`*\0DQ,˴\E;\8\"\Xy5m\FʵTcB\*Ԓk\\\b|\\c/۰\\\j8f	\BX5}[~Ъ\*Z߰q\\nd*H\\0\_o\ssBRw#\\٩pvć@\9\\{Na&\\dL\\ʗ6L\:6\r\hj\\\\:\N[\0II`@K*\a\X\"2Xϲ\Zi-@!\(֠\<\\~	Zh-85\\\O\On\\RT*Ǚw]^\n O8Q\\\By~>)S8\aH)POz\\\\B\T2H$r\\OO\0\\\d$\o\\?\/J\Z	\0!s󴯕\rioP@E#$F1F)WI7!6QCq\\\"6\Z\X\gֿz_\r\O\\$\\\g&SsNWK2㐁 R)	xe0\\n\˔\\\Zms\F\\\\\3zQ3жm!eǞ\y^\Nҫ\{\\\R\b[\\'~\\a\VݯLNLL\Я[Bt4h\\&R:99iYV6m4\Z\i@\RIl@5>\\,L\\$\RUםsl\0\=\|\ή\0fٶݪL\8B	g9	\p\\N/\\\\.T1<<\\|2\\\0\0 \0IDAT\0\\p8\#\N\k\\s\\\\\:\\WslzG\Z!\\0J#\0AV0D\HkhX!lsFq\H#@Z\ \u\n\\\w^t\EǏ\\\1۝b\n*DM?\L6\'\j6_\\\H)\٬BJomیf4v\\Z\Z:|\\O?aÆ/\;/\\03Q\0S0neU.8d\\aP\n\\ %\(\\jLxԲB\"	J\r|?鮝\#)V!,\~\b8ը,djuH0q±		\XV\D\Jp%^> \>\ntmذRض\\\\\\W.(\\\7\SNő\\\_z\0\lv2\+z\Œ^\\cOM\?2HZs=.TR\Z\\\(\\\.\\nݺsa	ϬAJF\)\O\q\RڤOF&clj3\\\mw\\\r\]cn.\)bJD\m\(9RxŎ\\wTM&8\MS->\znX4\\\j\LL\\"U\e\\ş\Դ\\\\\~{\X(\rZ!$h\U\B*T\0-J#1%f[1 Xi-0YR@\0\0|رc\v[*ZXX(\f>3\0LNN\\\Z5H#\\\j,DWO`\\\pɡ z{Fǹ\\X,XU*\\^\-\r\\wl\~\٣<|\\Ʌy\Rp.x\\&0\˫\01HE[/\\0cL)Kg]\VӋSǎ\\tǧ\\cΙ\P~Rn\BA؂X\\nv-@m\ZՕXxf\d\0\W\0AضmYUͦm۫\\?\\w\\=x\0$\\x\T/ؔ]3tj`LSɴ:ЩG纅\Ģz]̈́qV,K\\ի[m\\NA\B4~\\\C=^\Z\nRKũPIe|$ť\\*tw\'0[|\\߼s\غlOA%\P\\&cf=ݨ\l[WX\*V1JnO_/`?C?}xbtu\Kfҙݻ/\\.g\\\\8_#W\F\\8\7x^M\2N\0n\i\Υ@ؘjb\D(XKhL!@R@$ .AJ%JZłK\\%+7cg\xff\\}\0\\\\\>\1۶[\\\\\|&UK0!\\/,\\Z\\)\\f\a*v\q\O>\3\\\7_\\}\(l.W(eٶc\r\\D\\<\q\I&D\X\bBc\n\00Bc.bNxNs\S\oA\3S\'OY}7t_sa\\Ϝ\\\줝K\\\*[\\\t\4Q\J\\\W\\ \GV\\E\άZeY\\\\]w\u\\\|>\\\7??\h4\\\\`*J3\*sݩ\b\\\\~2\I$\r\[~\\3l1ײE+Mue\]K.!@z\h\\\\Ȉ(2\aF)%\FF9Zi\m4]zť~	o Z*<+\\YĊ?y\\o\˭Y.?> \ve\!.X\r\\\Zd[9)T$2Z\W]~űT\z\\ƍ(2y\'np\\\`\M\'-\W\¨eLew\0X5M\)i@\0\r\n@bP\\5Ӝ\0i\0BFHHKlԴhx̅\Z)IQZ-)㺗]vه?\\r\7<yrff\4\5\t:A7M˶\\ܬ\ؖm\\\Z\~X\0]R\Ǟ8\\\re߾}7\|\}\lB!\\"\\(\l\rlƘŘeY\DzV\\7b6\nq\R\-\\\LJc\"\\\a\4r}BD``b\6O}\kg\{{\Fo7}I7E3hS\"#\Ha$`)\a$l+R#\\үC(a*fti\<\_\֭[>|\۶\.cV\\\FQ`;\\x\JwW\\\\>_\t7|4J\]\\y\_{Y\+0TƋ\\\\9U\n\;\Z;ԊP\nB\_](\rO\oY\\q޼v]\\\̖$\ZKӍ@\ZX\J#@i\:&\T!\"2\t\?\D\"jM#\\"U\qfţ\T\;.]\r̷\Pjs^\$\^\0.1\\⦛n2\\N\ko,\`\,\wf2Ѿ\N\\tig;,h4+\7_P\kDi|p8(Ai` )jHk\n_kl\jӁKZ\\\\%j[Zi\0\\'\\\:\7\\ǎ\\\\q\\C\s\nl\Z,?si	zxph~f&|Tll2u饗\ݻ\\.3unC\I\Z%)/\\\\j5J2\\0F\n6,\r\\PH %@G{gJ\JyEq\ΔD\Z8&i\0<_aaޯӨ 0cX\"4b%Vp%c@}\Vlٲe\\\<\C\\I\\\im˪ժ\b\S\S\\:\aqե;\s?v]r=.8r{ W[D\ǄKO\"\u\L<E\q\0\(J!	\0ޅYa,1qӆJRTj$5\Z\ZKG#\\O\|w\\Ȫl.ߊb\F\Q\j\Z6\Z\n\\,\\".q_\J\ۿ\\O^we(?\O\0@\\Īen\qݵ\\7^a\r\nL֚\0h\\T\04hhw\0d\d\\M*sF	2FRBH$h\X1޷w\ݻ}\\G\\z/\6\%i\驔\NYnW\\jժ\\\BW,،봠\\\"H);\\\_\0\\Xi@\"HI\+M$`R%`\\95\\}[v\j\uᧉgadTw\\m\=sW\\t\2;en\(7\'\,\%29hXJ:d\0\J\\@\Yd2QA\\7񍞞F100`Ah(:r\i\\͛\\z\\Z:}\\x\fb\3ɋnn\\\cO>~\\<	4Ǿ\\\\\=60\' -F*\TO\\Gl\\ZZJJ\ȱ1\\Z@h`{8 h.2\Ơ4ŀX\Pg&ϸ\ĆuĞG\\#ccc=\#\1!j\HddUx\\4j6a\\	jd2I)\\\?\k}eEq\\`\ \"B*ܙ=/N,|!9\2LV\9\\\e\0ZFyr$@iE4B\n?m^jH\\\HA4rǴDQ\8cCRJ\V\h4BJ 0<\R\\r6lذAkNB\"\\\\Z\\\v\{2\}CSB\\	M\\rc\ZR!\q\V r,+nk+\N\\m!\zĝ\ə\\o7B\\r\qS\Z\r\?\Z		gk++\_\\\\\\)s\+\\\ݿ}̴\YA6m>v\R\q |\\\\YX\\x\\K_bww_\\,l.\\[o\\'\\C\ڴ-Is\r\c\\|\\\"j\w<+\\?u\eWD~\\\V\h\Qf \\Z\\"FQBAŜ+\1\kjd^k\\ӏ\\\\\3\]0\QZoł\!V%|/\\/ZPk؞\Gqo>ǘu\س\;m\\\\̮~߬\0@Z-\\\_\\Y\;WSBLS\L&\\&Ρ/e\9+#]z\\-\\\-\i\#l{\ؙbTQ+)5\0\\\:o\T:]\\-2!mkBEaf	3ƲZ\JŴLahtTm	^\ ggw~ض,\\ZA@H \0-BGQ\\DahS1GEHY])Q8\\\\[7&4?t\ζ{\:{[:S\\6\nǐØ*D\RlW\\\Xqyfi)7Cq\Ǳ5|\0\\\ؘi\\\\\>|xdd$JDt]Xy|\\|w%4ju	\I\?ɧs\\ɱ\r^Aߦ5mm1\\K\޷֞+\Zq1fEqS)f1\\\\\\ַl?4XLH)X2,-B4b\n3VV<w\D!\^=\\\\n\"1]\kAn2%d\\JUW\L\\\Zj\"\\\^&\\uz\\\ST2\g>\\7\h\\Z\r_k;\)\\\\U\\\au\\A\K\\i\'k\\;w-O\\K\3\0\\NK\6\Rr!Z*|{6\l\S͝i\\b\"tǘ\I\f\ֹ#jޞ\lhwʅ,Ev0\\\j\BȢkM(ZE%,בZ٘\\\3\\g\\U#aU?zKYPIC\"ʁht\@YN&\TKbYXiK#H\$\0Ҡ\<oe\Za+\r%H\+\h[RW^y\ɓ\'\\\}\ٱf9==\\\ZXX(tfgg\}EQ\\'s<n\f+\\\\qۧ|\o\\X6^ol}\q;އ\\\\\"\BQ%%\ni@K1B\VH15flZ1ۖJFRaF\0WB\@$\ݕ\?\\\'h\\[9\0ߤB	-f)\J\Z\\\j^kx8\i̅^2\\ƍ\Ě5\V\wˠ`f\rmOv\\.5װN\"t4S.^\|\\۝\Qx	\,U7_Զ1\z\i_v/2_B\\\ikM/\\y,\eh)ͭ\\3\naGSM޲о\\ٚY(ް\\c@0јRA0\o\G\ $I!@q\ꑤ\\)t\\)\'F@G9Vu?i\\\"!CB!)\\Tv^\ܦXD\Gfq1\={\\o\׾\d\|EQ%ӧO9!\\}\p\\\\'O\jsH\\\ّ\knC_yW. \UcjQ>x\\i\W٩T#\"-Eb-`l;6ku8\g_\\\\\\@\ZB3D	Q8I(m\g\\\k6L]\n\U\\Z\'\\\\!FhYz\M{/I\vQ\ӨYY鄶A۷\\n\ĉ\0\W]{\7\0R]@\\ٙp.\t.\N=\>\\/<_ҩ\y\\\B\\\\TJI*A?Z\\3\0\0\\\<ϦgBa\\j/~6lsl慁^\o{1\r\\˂}\c\"\\\0H\n\0J*\:C\"m\ٔBHҮ\Q6!$D	3(q\F2$.U8h@<F#F46=B+\\+ѕx\\\;X)\p\ST^O\F*jժӧO_|\\\00==m,FFF\'!X*I!<כ`\\G|\0\3s\rt\;4X\0ο\\\k%\\K!	Mj®\U\XεR3J	L1q][\\\\\\r\\\a5\ \a@A̡.Za\A\ju\\J.4ؒ83ےq\"\\RyRW\l\Ho`=K\'\zT#kJB`\`\5O;v\B\qn\\|\^a5ba<[\\`:\Z\\ZtL.CV}\y\\F\˰\\k\r\r\ DKA[:\&M\\$?\5\\Z)8\57ɣ.>\s1\~y-\AiPʲf!pG\1`\00ĀnG\"\&\r)\()\\0\B\@AQ#\rK\,Iv\\!\+}?G\Ps\\r\\K))MmsEB\u]\W\\\\/~\\.\\\H){{{\\獣Yb8B0\\0>z\\\\W\5v*\\n@qZNwl;y\̑\'N\'S}VHJ\Y\NZa\N1b{.\\o\\M[w\\\\D(Z.a66\"N\ZfKAƀ\R\0]]4jJݦ4aY*\\\r\\nlsiFqU\")x\0ҋ}\\}4WC+\/1٬f\s{;u\н\t(/nL\S\er\=\G\ϻ\\\m\RmSc0\^\l?x\\\*\ᡰT{ΜA/h\\ΤQʴömfC1Ƅؖu\Eu~.M-Ƅ`B1!aL@k\vg1\a\\\i)kJu\j4\\dP\\<\Xc\$kz(@\"\^SaMcH\]\\!L\O\\X\e͗rܔa\f6\@\x\ͦ\8\9a6=z\hX\\n\\r\Iy2|\\\\7\\D:\n\0!x\B;/X\\\n\\}\|6(\Z~}\\ڊ9RJSԙz\[]\\"\\n$1A͖\LE6JJ&M\\o4\\\\JB[X\"Ja\[\\6ml\fTP\ng\{rV\0.پ\'\\0f\\\}ӟWJU~uoU\NI\Li[\hiv!3\\\s޻GJI#ɲ#YS\0H\nR\VB@\sJL\WGQY2!NR\ĕqEle-#$\H\Zg\=\{\?\\\{{\#m\\۷{\\\\BY,\x	b}ã\C\\\F\\fSYn\[\hE[\\s7 [\Aci;M3ɃoF+7\iȌݨ_a\r)L \n\0˱M\\|\\\\\\S\?t\\%\\Bw\m6|\a	1^\ٴU\TLa\"J)U\R!\\ZE&rHBthl\h\Qr\]w\\\\\\~nn\G?\T*]xqvvV\^__\f2/.<\g>\ŕe˱Y\pT04_\\ʣ>\횮\b\b>?ZQiR\0\\\vGlϡC`\/,\\P(>jDBahx\Xg9\zMT<`\(d\Zq:\MDU\\\fҙ@\\\B4\\;T\\;D\\\\\ЇǑ\r\\Rђ$b\sP,#\GMWΉȠ%\Ҵ6j\n\L7+ \?JlEy\"u	\^B\z\\\O v\Z2Eҁ\SF M\0TUgc}F:Τ\rUJJϙ \%QF!DEa3A!D&r\_h1\\\컰2Z\"\0\d2SSS\\\\'R\\\XV\\n\\Ƈ~㡿z\0ڭv\\Q\\\i7\\~_?\\R\\|\!\wm5\ZdKt:C)T4vV\v\T\\\uM\5M\5P\X^\5]G@\\0))vim\\Z-g\\8c\̞\y.\`\\q\\}\0\xs:.F듟\\n\\-˔n\\\)\e=Z)ŋr=\\c\1tW\+\ѱ\s_#zI^\H@_E$ꆕJț`\nV\!\RC\EOv\0 \*\"/#ˎ~\{\6GRs\(enC/1tj\n!rq]7\7\naTe\P\1˲2blll~~?\7\\\\jZ\\4mnn\n뺦isw\?\\\7kp\Bi43\;ֿWNx:S\\\n\SBR\\N\49\(\5(K\'Fs?\\\z\T\0F \02Akk\+z\nr\\;~vlf\\nl\7\\\'\\\\0\_|\\\C\0d5\v\\ԧ\0\\X1dvd\\R;텣wcB\(\h &Fa2tl^\Fa/\n\0Cm7	$ZAQI\"\W6\,Gr\ȅ \0\\0\0IDATǴHo,%D^78Τ\mLIFQkl7\Z|M:K#\\Ѿ\W*\0x\\\'o\VEQ\\w9s\󼩩SNe2j\Zz.\j\J\\_\vo|\-\\䑗/\r \laD͙\'O|\\s\b:Rɧ\\!\B\01\L[!JSr|ENXs\Fk[\xa\\C37\\\\\>d\i]\CW5\0~\\?j\\\~\\~\\{\\f\\\0ST,\z\5\3\s]\G\F\4\\}\O\\Ğ\Z\0G\7&䥶\Gl\fb΅tl/)[\\\MRAlKi\~WB1A\0\\\Q!J(\+&\\\:n\'\ڵ\0Ç\-o\\\t:a\\̴Z-JiV\\r\nW\w\'~\\7@\\\|\"tՠiV\\<\\\\ε\Z\r*S\|ON\e	!(%P\0\v\\_wz^J\\3s\`ir\\nlg*8ߵM**e%5U(\0`\\\\4\\7M\rS\h4>\\?,mA(}B/(\0\\KH!\n\1C\\J+_3W52{y\r_p\a\֝,b\ZFA\ 2	\ny\6B)\BPBdZ\S~\B\*FKRTt2#e NgY\0x\\\jjicccgΜ\}\\f\\k6\v\\Ξ=\0_˿\0L\\6;t.\|\n\0\n\Kg\\5gJz*GԌ\z1P\rG@\\\Lt\\\Z\\\չNL\0.D\ꛁ\R\\,\\s-\9\r\0\|\ӟ\|.[__\u^\{\=\G\0eYesyQ!\RmFk\l\<\aa@m\v}\0\\K:Mw\d\\'\qQO19<\0ǰ)\D;yb\n!rm0\e\\r\J~\xᇫ\j*z\\vUU,kddZ6ͥ%\0p\\_7f\\\k\-۲=ob\Tk2Ŝjժ7\/_\n\ؾG6*  G\n\\tP\U)L\ʏVڞM\\_q\\\Ҍn\0\u=\Q\\o\\=vyeuffz\\Y\0\uݲz곟\G?z\0\z\\n`\2m\\:k\2\J\!rSWɧ7A\h	\\0\&!a\NҸ=tB\jFh\4b\ 2єs.\Ǐ\e\\ݻϟ?_VO<)\\\\#G\\l:{\\0\\\o\a]3\0\7{\68#s\\A\r0JQ/\=BA\!@p!\)*F\\nc\\z}\Zp]Մ\\1 \nEӄf\n\S\\ϩ\\.K9=\n\'&&^\;~\\0\j5(/\Ҷp\nOfݡb&\\L~\SJ}B\X\o>nS6mm\<mkGPF(u\\h\\mۙL&\Ȕ\Gy\رcT*ɔ\e\4o\\4{^R\Z\\\\\BI5\r\j\\\?\o.w3E\\3\"(*c\nWA\2h*`{\81\Zp&@\8NY\^I2z9\~\{?x&K\MozC\\zs3{\B\ݻ\|\:t\0:i\9\tV}U\S\\(W|\~uj!l\Q\lؽW\\\^59\*&\\aC\"׊pt~\\Y<\8\\\R\\\-\z\\\\\\\\\\\\O:(\\f:\\QJ\tfՙ\Z\\\ֹ3\;^\0\0\\\\Y\0>@\\z}b;㹚aPMN\nE3tN\\\ @\\A \'qN<Op\FL\\fZ:\rdí\\\>uJ>?57\\xt\ZٙFE)-_\	ۭ~\dl\\4#Z2\pd\n\O=\MXLE\R**HF.:\Zjx;#Va\\2\(\5BHupyo\N\rf\.\v:o\ҥKo~\{m\\r\h\T*u\啕\\;nk\|\\\\0\_ÿ[\x*P\0\\\:\\0\00M=4MSFP\ӌT8\\SO\\ĉo,_\\\H\t\\nx\|6]}\\/\\|\;\^\y&0DX\|2\/\\\\z5b>sE.ʝϖ\ZhM\p\Jo6\y㙨\\\]\n!\n!rmB ˖|\B\\G>\\Ci6==N\\\ϝ;\\\Z\ݻweuu^\56firD\\\J\\0\n\\\\\n\\2	eRʩB8?\0<\0MUA@\0\7[\\\?<\\V&\\\W\WWW\\C\\\u\\\sonn\0Z뺾/$\D\\P[\& n-d;gi샺\"_\\\g{\\79\xj&u\\%b\B\ZvBMZѫ~﫪\fe?\o~\ǎk6v\\u\ŋ7\x#\gV*\++{\\)V\\zN\l6WWW<w\y羹bX\i]\TiQ\\9kkkf\s.ډ\|yy\\<EQfgg+\n\\p\u]\\\++}/8W\/>x\)%o\\I\e9\<\\\6C\Z8!u?M\prǲiX*l\DG:\n!rmw\Å\bMJÂ\L&S*\0u\[o\駟\d2|\\\۷/ӧOJJ\d\/\7O*2N\\\\m[mZ-\\t]/\nͦ\\r\\VUsẮ\8^\l6\\z˲bR\f|^6Bs߷J^xabbB\\gyV\{Ͻ\2>>\0F\lRJu]\\R\BSUU^\K\rݯ\W8d\\\mHC\\M\r4wh~\Z,\"\ngD<\8\Zռ\S\ZmI#(I9|\\?^p\\ѣ\\\\S\S\3g\hZKKK\\Ӿ\3\\]ו\ym;kܣ \02\0j6[HY\\S\4B\\\t\\C}\\2\\{\\[nZ\KReA\f\i\nj1]\ÁvQ\p`P&&X2~,;w\~\v\\g5P\\\1!D:\n!rͷᡇ\'\ZK\΄c{:N)\1Ƥ𨪪i2O|\<\@RZRVu]___/6\\\GY\\\\\f\\Ӯ\\\u\\Bޑ1)՗=UUeq!]m[\4MKy\y`m;kkk,Q*?vaa\[\\\\\=\yO\\^XXX__B\y\EZUUQ9x`FLt\L\\\\w`;\\\n!\iۥ&\'\Dsg`P*M+_(M%M\2_^^җ\\#>}1v\\y\kZgϞVJ\\RJw\\](<\;}\\\D*\<\\J%\\\l\\\r癦I)\ϟ߻wV\5B\K\\ 𗗗e\\ȑ~\\7333==(\\\.jrLR)iJ/h\;Z8~\	\ktŷAPW^ja,dr\hLTyK:R\08~W\G}Զ\B \\\0J\\\ҒlmS.	!iJ%\0:N^馟?>\c\\޽{]׽ti)ϗ\#s\APׁncf*ﾧT\Zn\\NN\:UVC\./n4\nU\\\2\\_uB\U$\bmF\Q$G \\\\r9N\\v~\\|\3KKK2\Z755599\l6]\\\t\MN\j\\\y]׃ x\\e322r=\r#\\v}n \m\4\^.\r\\\sLfuuurj\\w\1==}ӍG5-555%\/\\\ʷ^˶\^Mj!DG\bE \n!\\B\>w&\k\"hbHe5E\a\a\v6@:6\0\o8qV<y\n\\ \P\\.7MB\v}\-//ٶ]TE\j\NS]\\rUd8p\\G\n\qF\0\4MUU\r\\<R*uW?akL91/ibR2\\\`\n!\J\b2q&j)wIH}ByA\\a1\\\\.W.e\ٳg{\o}\[Fi4\"e\\v1i\8\nsn널RT.gffطg\\\\\\\\	F \S|\\\,V\Bh\&8lW7QAPBI!C\k4\(y\\}\umۖ\r\\}\qd\\f\\˽^\ҥKe\j5\qRT>)JrӞ={v\\5999555pN\<d8\\\\J\	S\\sgž\\\B\\d4B(-\\\\ \\9#S7MӔ\rGM\m\iY;JFFF\|6-\n\\\i\\11\\r\u=\\Ԍo\c`ӓM\nw3\1v\Zh\"Bx]	!l1\25-\\2\\\"\0c2/\C\\\\f\\>mCN2!+r\e\oS6\w\\\0\b#\'|ݨ%#|rX/.\ \v\\\w	1\\:\n\00#j5\\\\\1驡Ƅˤ\q|\WEJˆ\2\\'NM\dn|+`K\,}>Pc\BCTAC\7\\Ũ\\\\\\F{\eBԍ)#a\y膍\r{\nU2\yL\`3Gt;/\\ZED\:d.AL\GΦMXϯNc\\\k\}v\\\\Ck5{pDdk\5\:q`Vd\(L3Iq\rJ\v\y\ؿ!o\'|\&g$\ \n!bz%\\\\\ñn\\e؇4\@D\\'+\5z}0>D\Z⊘7nwuI߱Xc\\0\r#1#/)\\\ B\BMq\F8}-&]1_\p\1V\䆌\ebM\"\\)\\ZN78oat\RRѕJNr_5<e.<\0\";\d\vҕ,oً;1cWR7\\ۡ`#I\N\\bÆ׭\F\g\\\y Bl+;׶\)-0ԁLI<:&w&ȼأd\"B,{(W\[6b2/4f\\rO\J \|ĬQ\e\\\\8\dN@A\\"D^\\e\M\\`\A\\"DAB\\mdA-BAAAAPAAAPAAAPAAAPAAAPAAAPAAAPAAAPAAAPAAAPAAAPAAAPAAAPAAAPAAAPAAAPAAAPAAAPA\j\\\'d5hRh\0\0\0\0IENDB`');
/*!40000 ALTER TABLE `products` ENABLE KEYS */;
UNLOCK TABLES;

--
-- Table structure for table `questionnaires`
--

DROP TABLE IF EXISTS `questionnaires`;
/*!40101 SET @saved_cs_client     = @@character_set_client */;
/*!50503 SET character_set_client = utf8mb4 */;
CREATE TABLE `questionnaires` (
  `idquestionnaires` int NOT NULL,
  `product_of_the_day` int NOT NULL,
  `date` date NOT NULL,
  PRIMARY KEY (`idquestionnaires`),
  KEY `questionnaires_product_idx` (`product_of_the_day`),
  CONSTRAINT `questionnaires_product` FOREIGN KEY (`product_of_the_day`) REFERENCES `products` (`idproducts`)
) ENGINE=InnoDB DEFAULT CHARSET=utf8mb4 COLLATE=utf8mb4_0900_ai_ci;
/*!40101 SET character_set_client = @saved_cs_client */;

--
-- Dumping data for table `questionnaires`
--

LOCK TABLES `questionnaires` WRITE;
/*!40000 ALTER TABLE `questionnaires` DISABLE KEYS */;
INSERT INTO `questionnaires` VALUES (1,1,'2021-01-28');
/*!40000 ALTER TABLE `questionnaires` ENABLE KEYS */;
UNLOCK TABLES;

--
-- Table structure for table `questions`
--

DROP TABLE IF EXISTS `questions`;
/*!40101 SET @saved_cs_client     = @@character_set_client */;
/*!50503 SET character_set_client = utf8mb4 */;
CREATE TABLE `questions` (
  `idquestions` int NOT NULL,
  `questionnaire` int NOT NULL,
  `text` varchar(100) NOT NULL,
  PRIMARY KEY (`idquestions`),
  KEY `QUESTIONNAIRE` (`questionnaire`),
  CONSTRAINT `question_questionnaire` FOREIGN KEY (`questionnaire`) REFERENCES `questionnaires` (`idquestionnaires`) ON DELETE CASCADE ON UPDATE CASCADE
) ENGINE=InnoDB DEFAULT CHARSET=utf8mb4 COLLATE=utf8mb4_0900_ai_ci;
/*!40101 SET character_set_client = @saved_cs_client */;

--
-- Dumping data for table `questions`
--

LOCK TABLES `questions` WRITE;
/*!40000 ALTER TABLE `questions` DISABLE KEYS */;
INSERT INTO `questions` VALUES (1,1,'Do you like that colour?'),(4,1,'Have you already tried it?'),(5,1,'Are the weels ok?');
/*!40000 ALTER TABLE `questions` ENABLE KEYS */;
UNLOCK TABLES;

--
-- Table structure for table `responses`
--

DROP TABLE IF EXISTS `responses`;
/*!40101 SET @saved_cs_client     = @@character_set_client */;
/*!50503 SET character_set_client = utf8mb4 */;
CREATE TABLE `responses` (
  `idresponses` int NOT NULL AUTO_INCREMENT,
  `writer` int NOT NULL,
  `question` int NOT NULL,
  `text` varchar(45) NOT NULL,
  PRIMARY KEY (`idresponses`),
  KEY `User` (`writer`),
  KEY `Question` (`question`),
  CONSTRAINT `Question` FOREIGN KEY (`question`) REFERENCES `questions` (`idquestions`),
  CONSTRAINT `Writer` FOREIGN KEY (`writer`) REFERENCES `users` (`idusers`)
) ENGINE=InnoDB AUTO_INCREMENT=27 DEFAULT CHARSET=utf8mb4 COLLATE=utf8mb4_0900_ai_ci;
/*!40101 SET character_set_client = @saved_cs_client */;

--
-- Dumping data for table `responses`
--

LOCK TABLES `responses` WRITE;
/*!40000 ALTER TABLE `responses` DISABLE KEYS */;
INSERT INTO `responses` VALUES (15,1,4,'Si'),(16,1,5,'Moltissimo'),(17,2,5,'Belle belle'),(18,2,4,'Moltissimo assai'),(24,1,1,'asd'),(25,1,4,'ert'),(26,1,5,'dog');
/*!40000 ALTER TABLE `responses` ENABLE KEYS */;
UNLOCK TABLES;
/*!50003 SET @saved_cs_client      = @@character_set_client */ ;
/*!50003 SET @saved_cs_results     = @@character_set_results */ ;
/*!50003 SET @saved_col_connection = @@collation_connection */ ;
/*!50003 SET character_set_client  = utf8mb4 */ ;
/*!50003 SET character_set_results = utf8mb4 */ ;
/*!50003 SET collation_connection  = utf8mb4_0900_ai_ci */ ;
/*!50003 SET @saved_sql_mode       = @@sql_mode */ ;
/*!50003 SET sql_mode              = 'ONLY_FULL_GROUP_BY,STRICT_TRANS_TABLES,NO_ZERO_IN_DATE,NO_ZERO_DATE,ERROR_FOR_DIVISION_BY_ZERO,NO_ENGINE_SUBSTITUTION' */ ;
DELIMITER ;;
/*!50003 CREATE*/ /*!50017 DEFINER=`root`@`localhost`*/ /*!50003 TRIGGER `check_bad_words_before_insert` BEFORE INSERT ON `responses` FOR EACH ROW BEGIN
	DECLARE finished INTEGER DEFAULT 0;
	DECLARE word VARCHAR(50);
    DECLARE curBadWord CURSOR FOR SELECT badWord FROM bad_words;
    DECLARE CONTINUE HANDLER 
        FOR NOT FOUND SET finished = 1;
    OPEN curBadWord;
    scanWords:  LOOP
		FETCH curBadWord INTO word;
        IF finished = 1 THEN 
			LEAVE scanWords;
		END IF;
        IF(NEW.TEXT LIKE CONCAT('%', word, '%')) THEN
            SIGNAL SQLSTATE '45000' SET MESSAGE_TEXT = 'BadWord Contained';
            LEAVE scanWords;
		END IF;
	END LOOP;
END */;;
DELIMITER ;
/*!50003 SET sql_mode              = @saved_sql_mode */ ;
/*!50003 SET character_set_client  = @saved_cs_client */ ;
/*!50003 SET character_set_results = @saved_cs_results */ ;
/*!50003 SET collation_connection  = @saved_col_connection */ ;

--
-- Table structure for table `reviews`
--

DROP TABLE IF EXISTS `reviews`;
/*!40101 SET @saved_cs_client     = @@character_set_client */;
/*!50503 SET character_set_client = utf8mb4 */;
CREATE TABLE `reviews` (
  `idreviews` int NOT NULL,
  `writer` int NOT NULL,
  `product_reviewed` int NOT NULL,
  `text` varchar(150) NOT NULL,
  PRIMARY KEY (`idreviews`),
  KEY `WRITER` (`writer`),
  KEY `PRODUCT` (`product_reviewed`),
  CONSTRAINT `review_product` FOREIGN KEY (`product_reviewed`) REFERENCES `products` (`idproducts`),
  CONSTRAINT `review_user` FOREIGN KEY (`writer`) REFERENCES `users` (`idusers`)
) ENGINE=InnoDB DEFAULT CHARSET=utf8mb4 COLLATE=utf8mb4_0900_ai_ci;
/*!40101 SET character_set_client = @saved_cs_client */;

--
-- Dumping data for table `reviews`
--

LOCK TABLES `reviews` WRITE;
/*!40000 ALTER TABLE `reviews` DISABLE KEYS */;
INSERT INTO `reviews` VALUES (1,1,1,'bellissima'),(2,2,1,'That pink!! W0W!!!!'),(3,3,1,'10/10 would buy again');
/*!40000 ALTER TABLE `reviews` ENABLE KEYS */;
UNLOCK TABLES;

--
-- Table structure for table `users`
--

DROP TABLE IF EXISTS `users`;
/*!40101 SET @saved_cs_client     = @@character_set_client */;
/*!50503 SET character_set_client = utf8mb4 */;
CREATE TABLE `users` (
  `idusers` int NOT NULL,
  `username` varchar(45) NOT NULL,
  `password` varchar(45) NOT NULL,
  `name` varchar(45) NOT NULL,
  `surname` varchar(45) NOT NULL,
  PRIMARY KEY (`idusers`),
  UNIQUE KEY `id_UNIQUE` (`idusers`),
  UNIQUE KEY `username_UNIQUE` (`username`)
) ENGINE=InnoDB DEFAULT CHARSET=utf8mb4 COLLATE=utf8mb4_0900_ai_ci;
/*!40101 SET character_set_client = @saved_cs_client */;

--
-- Dumping data for table `users`
--

LOCK TABLES `users` WRITE;
/*!40000 ALTER TABLE `users` DISABLE KEYS */;
INSERT INTO `users` VALUES (1,'user1','pass1','mario','rossi'),(2,'icsdaniel','asdasd','daniele','carta'),(3,'gigio','password','sandro','sandroni');
/*!40000 ALTER TABLE `users` ENABLE KEYS */;
UNLOCK TABLES;
/*!40103 SET TIME_ZONE=@OLD_TIME_ZONE */;

/*!40101 SET SQL_MODE=@OLD_SQL_MODE */;
/*!40014 SET FOREIGN_KEY_CHECKS=@OLD_FOREIGN_KEY_CHECKS */;
/*!40014 SET UNIQUE_CHECKS=@OLD_UNIQUE_CHECKS */;
/*!40101 SET CHARACTER_SET_CLIENT=@OLD_CHARACTER_SET_CLIENT */;
/*!40101 SET CHARACTER_SET_RESULTS=@OLD_CHARACTER_SET_RESULTS */;
/*!40101 SET COLLATION_CONNECTION=@OLD_COLLATION_CONNECTION */;
/*!40111 SET SQL_NOTES=@OLD_SQL_NOTES */;

-- Dump completed on 2021-02-23 12:09:18
